-- Auto-generated seed: 45 roster members, 21 historical events, attendance records.
-- Idempotent: uses ON CONFLICT DO NOTHING so it's safe to re-run.

-- Roster members (45)
insert into public.roster_members (id, full_name) values
  ('6961321f-4673-5ac6-3822-42040b3e0267', 'Alexis Ho'),
  ('d257a630-5d48-5f08-b55d-39adaafe4e0b', 'Alexis Owens'),
  ('c7adcd7e-1098-58bd-bd71-69db2ed6c876', 'Angelina Demiroska'),
  ('df1e9895-4e88-533e-88e2-819d2e9e4fc3', 'Anna Li'),
  ('9e3c08ce-ec00-58f4-0630-f5b4f5ce37fe', 'Ash Fetherbay'),
  ('3ec07bad-ba2c-578d-cfd3-073a951546f0', 'Ashna Reddy'),
  ('b7237633-6919-5d08-475c-9857d25579ab', 'Ava Zhang'),
  ('a88befc2-6f9b-57ed-344f-452290f614af', 'Bharath'),
  ('30e3188b-be65-576c-7229-78db362b75c7', 'Brandon Banks'),
  ('bcdd6f59-5010-518a-94f0-a36d48e167f4', 'Brendon Mak'),
  ('ad874926-0af0-55de-cdc2-ae7eba22003b', 'Bryan Lu'),
  ('202e846c-88e8-5366-449a-ad76a8b56eaa', 'Chelsea Chrystal'),
  ('ef6396ce-c8ae-5e9f-4047-3ea6be2482e5', 'Chetu Khandavilli'),
  ('ba450c0e-ec1e-5b96-dc9b-93f4f35f228e', 'Christian ''Chris'' Feliicano'),
  ('f0a7bdab-a24c-598e-431c-8cfeeba59de9', 'Fay Yu'),
  ('475a6879-e346-5b9e-ffea-67300bbc6e6f', 'Frank Zhou'),
  ('6f2914d9-270f-510b-a88b-9768fee15574', 'Grace Chang'),
  ('4fc2e509-79a5-587b-a393-e03f45c3d683', 'Ha-Yoon Lee'),
  ('5306c7fe-70d8-541f-9107-1602048730b4', 'Ieva Bračiulytė'),
  ('03c9afef-8753-50ba-b877-1ceaa2167677', 'Jackson Lind'),
  ('fc4b8a60-ca0d-5b53-f312-13f1a129ed2f', 'Joaquin Villegas'),
  ('d6520b1e-0d0b-5c87-f0ee-2899c2fecdde', 'Kelvin Chen'),
  ('4a311090-d214-53eb-74d9-fa975494c9f2', 'Ken Lin'),
  ('60dd7a04-2835-5516-e132-8ee4faab7d5b', 'Kevin Yochia Lin'),
  ('e8be6f00-7fec-5cd0-9699-fb8cf5d3b009', 'Kiné Camara'),
  ('8dc2c846-a02c-5e2f-6301-02391c642b88', 'Lex Ramirez'),
  ('e5dd9798-946b-5143-85dd-2410f474d1e6', 'Lisa Ma'),
  ('4a7cf4d9-c8b8-5c5d-7f14-bcfea7edfe2d', 'Lucy Zhang'),
  ('f3ca7211-2fb6-5364-4c12-541ded78f81c', 'Maxine Shih'),
  ('96fda450-c1a5-561a-2c7e-ddba8962c1fc', 'Maya Bhavsar'),
  ('cab2df27-6b44-5531-0645-e4a6a5e2affa', 'Michelle Zhuang'),
  ('dabf451e-1d58-50fa-a0f2-ad668cf8f606', 'Mimi Liu'),
  ('814a1045-50c5-5c44-3ffa-5cf66cbbb277', 'Olivia Alston'),
  ('b0b16112-02f6-5c9a-b930-f286c0efc827', 'Rochelle Lemons'),
  ('8094c6f9-d86d-5c5b-49a8-fd44dce52c7c', 'Rudhresh Sivakumar'),
  ('c425df91-9c3c-5d52-7f66-fcb9f4f6c9d1', 'Runqiu Chen'),
  ('e6cb1467-d2fc-5935-1663-09853bbc925a', 'Sabhatina Selvam'),
  ('6a507682-8415-5846-8ca1-2bec5b0203d7', 'Sana'),
  ('222ba6ce-9ca0-568e-72ef-d15b98be6a25', 'Sarah Son'),
  ('c591c0a6-0c1b-5020-a060-1bddf4d31797', 'Sunny Ysa'),
  ('f6b38c99-d308-50ad-4f23-e69a9f6e4e57', 'Sydney Ruiz Luttrell'),
  ('ef01965f-5805-5436-6e16-978f9b20383b', 'Tati'),
  ('11a0a9bd-7f69-5332-b82b-f012b2614184', 'Trish Lam'),
  ('dd6b58e6-7868-5507-bc9d-bb725adc9609', 'William Yang'),
  ('e12f698d-18ee-5f92-0aa7-bae225480630', 'Xiaoxuan Jin')
on conflict (id) do nothing;

-- Historical events (21)
insert into public.events (id, title, starts_at, checkin_opens_at, late_after_at, checkin_closes_at, is_historical, qr_token) values
  ('d2b2874f-0cd2-57b6-1157-154faf3e6c6f', 'Rehearsal — 2026-04-04', '2026-04-04T19:00:00Z', '2026-04-04T18:30:00Z', '2026-04-04T19:15:00Z', '2026-04-04T21:00:00Z', true, NULL),
  ('4609ac37-c4e7-54c9-fd97-f5908d8f145e', 'Rehearsal — 2026-04-09', '2026-04-09T19:00:00Z', '2026-04-09T18:30:00Z', '2026-04-09T19:15:00Z', '2026-04-09T21:00:00Z', true, NULL),
  ('3d28a3c1-0815-5f4c-731d-07e15d974b9d', 'Rehearsal — 2026-04-11', '2026-04-11T19:00:00Z', '2026-04-11T18:30:00Z', '2026-04-11T19:15:00Z', '2026-04-11T21:00:00Z', true, NULL),
  ('c605e5a2-c54b-5a9c-ce5c-c44aa1f2ea67', 'Rehearsal — 2026-04-16', '2026-04-16T19:00:00Z', '2026-04-16T18:30:00Z', '2026-04-16T19:15:00Z', '2026-04-16T21:00:00Z', true, NULL),
  ('bc02d468-115f-57e3-3817-e376179c5260', 'Rehearsal — 2026-04-18', '2026-04-18T19:00:00Z', '2026-04-18T18:30:00Z', '2026-04-18T19:15:00Z', '2026-04-18T21:00:00Z', true, NULL),
  ('0687c750-ed60-559c-d61b-fd8f9294cd54', 'Rehearsal — 2026-04-23', '2026-04-23T19:00:00Z', '2026-04-23T18:30:00Z', '2026-04-23T19:15:00Z', '2026-04-23T21:00:00Z', true, NULL),
  ('a47bdf83-2657-50ae-de3f-79de008a5a36', 'Rehearsal — 2026-04-25', '2026-04-25T19:00:00Z', '2026-04-25T18:30:00Z', '2026-04-25T19:15:00Z', '2026-04-25T21:00:00Z', true, NULL),
  ('182f82f8-9752-5ac8-bfc4-b82d560907f5', 'Rehearsal — 2026-04-30', '2026-04-30T19:00:00Z', '2026-04-30T18:30:00Z', '2026-04-30T19:15:00Z', '2026-04-30T21:00:00Z', true, NULL),
  ('744c46ea-b21c-590d-5720-e71ab36aca00', 'Rehearsal — 2026-05-02', '2026-05-02T19:00:00Z', '2026-05-02T18:30:00Z', '2026-05-02T19:15:00Z', '2026-05-02T21:00:00Z', true, NULL),
  ('901d8b40-3193-5efc-df4e-90a8ea07e003', 'Rehearsal — 2026-05-07', '2026-05-07T19:00:00Z', '2026-05-07T18:30:00Z', '2026-05-07T19:15:00Z', '2026-05-07T21:00:00Z', true, NULL),
  ('91e8fef8-130a-53a2-78fc-936d59c86b9e', 'Rehearsal — 2026-05-09', '2026-05-09T19:00:00Z', '2026-05-09T18:30:00Z', '2026-05-09T19:15:00Z', '2026-05-09T21:00:00Z', true, NULL),
  ('b0d399e4-26eb-5aac-dd6f-a8c1a2584b9a', 'Rehearsal — 2026-05-14', '2026-05-14T19:00:00Z', '2026-05-14T18:30:00Z', '2026-05-14T19:15:00Z', '2026-05-14T21:00:00Z', true, NULL),
  ('6fd80169-cbc8-5a71-4475-1b55e053f091', 'Rehearsal — 2026-05-16', '2026-05-16T19:00:00Z', '2026-05-16T18:30:00Z', '2026-05-16T19:15:00Z', '2026-05-16T21:00:00Z', true, NULL),
  ('6dcf6e08-6c08-5096-e573-ba0c88d4ff3f', 'Rehearsal — 2026-05-21', '2026-05-21T19:00:00Z', '2026-05-21T18:30:00Z', '2026-05-21T19:15:00Z', '2026-05-21T21:00:00Z', true, NULL),
  ('acdba93a-bd1f-5129-155c-6487139821dd', 'Rehearsal — 2026-05-23', '2026-05-23T19:00:00Z', '2026-05-23T18:30:00Z', '2026-05-23T19:15:00Z', '2026-05-23T21:00:00Z', true, NULL),
  ('7fe44261-3635-5579-37e3-c4b40f733bc5', 'Rehearsal — 2026-05-28', '2026-05-28T19:00:00Z', '2026-05-28T18:30:00Z', '2026-05-28T19:15:00Z', '2026-05-28T21:00:00Z', true, NULL),
  ('3f46a8e9-1af6-5ea0-e138-94be9196608c', 'Rehearsal — 2026-05-30', '2026-05-30T19:00:00Z', '2026-05-30T18:30:00Z', '2026-05-30T19:15:00Z', '2026-05-30T21:00:00Z', true, NULL),
  ('6c438530-2127-5f69-5f02-7fdbe9d87fc3', 'Rehearsal — 2026-06-04', '2026-06-04T19:00:00Z', '2026-06-04T18:30:00Z', '2026-06-04T19:15:00Z', '2026-06-04T21:00:00Z', true, NULL),
  ('f4d0561a-5a93-559d-e743-1a5ea4bc6c6e', 'Rehearsal — 2026-06-06', '2026-06-06T19:00:00Z', '2026-06-06T18:30:00Z', '2026-06-06T19:15:00Z', '2026-06-06T21:00:00Z', true, NULL),
  ('f1738088-e1a0-50a1-d37a-a242c3a26ab0', 'Rehearsal — 2026-06-11', '2026-06-11T19:00:00Z', '2026-06-11T18:30:00Z', '2026-06-11T19:15:00Z', '2026-06-11T21:00:00Z', true, NULL),
  ('8bb99051-61a4-536e-1385-0bb91432029b', 'Rehearsal — 2026-06-13', '2026-06-13T19:00:00Z', '2026-06-13T18:30:00Z', '2026-06-13T19:15:00Z', '2026-06-13T21:00:00Z', true, NULL)
on conflict (id) do nothing;

-- Attendance records (566)
insert into public.attendance (id, event_id, roster_member_id, status, note, checked_in_at) values
  ('bba268bc-d4b8-5515-35a5-fc63f3d28b5d', 'd2b2874f-0cd2-57b6-1157-154faf3e6c6f', '6961321f-4673-5ac6-3822-42040b3e0267', 'present', NULL, '2026-04-04T19:00:00Z'),
  ('3e45ba1b-1ac3-5138-ffae-34377d1c2515', '4609ac37-c4e7-54c9-fd97-f5908d8f145e', '6961321f-4673-5ac6-3822-42040b3e0267', 'present', NULL, '2026-04-09T19:00:00Z'),
  ('eb46a21d-46ca-57e5-9f2e-5d7970e51627', '3d28a3c1-0815-5f4c-731d-07e15d974b9d', '6961321f-4673-5ac6-3822-42040b3e0267', 'absent', 'Band', '2026-04-11T19:00:00Z'),
  ('7cb21f34-6f5c-5b4b-2af3-bfbe968c934b', 'c605e5a2-c54b-5a9c-ce5c-c44aa1f2ea67', '6961321f-4673-5ac6-3822-42040b3e0267', 'absent', 'Band', '2026-04-16T19:00:00Z'),
  ('c45a943e-4d89-561f-b5f6-a14ba071cb6d', 'bc02d468-115f-57e3-3817-e376179c5260', '6961321f-4673-5ac6-3822-42040b3e0267', 'absent', 'Out of town', '2026-04-18T19:00:00Z'),
  ('01436f2a-5126-5114-e00a-4fd451db5e21', '0687c750-ed60-559c-d61b-fd8f9294cd54', '6961321f-4673-5ac6-3822-42040b3e0267', 'absent', 'Band', '2026-04-23T19:00:00Z'),
  ('35639c1c-0e5a-58ac-7491-09bc215fd9b1', 'a47bdf83-2657-50ae-de3f-79de008a5a36', '6961321f-4673-5ac6-3822-42040b3e0267', 'absent', 'Band', '2026-04-25T19:00:00Z'),
  ('f8c5e0ab-f06a-59d4-a494-de4cd6434519', '182f82f8-9752-5ac8-bfc4-b82d560907f5', '6961321f-4673-5ac6-3822-42040b3e0267', 'absent', 'Sick', '2026-04-30T19:00:00Z'),
  ('2e170a08-6ffe-58f8-c6e0-4bf83ea8fbc7', '744c46ea-b21c-590d-5720-e71ab36aca00', '6961321f-4673-5ac6-3822-42040b3e0267', 'absent', NULL, '2026-05-02T19:00:00Z'),
  ('ff8f2f09-22a4-5c76-d6d9-a23a870d9387', '901d8b40-3193-5efc-df4e-90a8ea07e003', '6961321f-4673-5ac6-3822-42040b3e0267', 'absent', NULL, '2026-05-07T19:00:00Z'),
  ('8bc415b7-dd28-5a96-34fd-495bf9ff9276', '91e8fef8-130a-53a2-78fc-936d59c86b9e', '6961321f-4673-5ac6-3822-42040b3e0267', 'absent', NULL, '2026-05-09T19:00:00Z'),
  ('fafc92e2-2e41-50ae-4a63-7f0d3c2278ae', 'b0d399e4-26eb-5aac-dd6f-a8c1a2584b9a', '6961321f-4673-5ac6-3822-42040b3e0267', 'absent', NULL, '2026-05-14T19:00:00Z'),
  ('36ea8170-9910-53ec-334f-a877f65d8c6e', '6fd80169-cbc8-5a71-4475-1b55e053f091', '6961321f-4673-5ac6-3822-42040b3e0267', 'absent', NULL, '2026-05-16T19:00:00Z'),
  ('39b4237b-324f-51c8-a837-40f73609e3ee', 'd2b2874f-0cd2-57b6-1157-154faf3e6c6f', 'd257a630-5d48-5f08-b55d-39adaafe4e0b', 'absent', 'Excused', '2026-04-04T19:00:00Z'),
  ('a460d791-0d42-57d3-45c0-73830af9a12f', '4609ac37-c4e7-54c9-fd97-f5908d8f145e', 'd257a630-5d48-5f08-b55d-39adaafe4e0b', 'absent', 'Conflict', '2026-04-09T19:00:00Z'),
  ('519577f7-3822-58ba-99a5-62d88e4518d0', '3d28a3c1-0815-5f4c-731d-07e15d974b9d', 'd257a630-5d48-5f08-b55d-39adaafe4e0b', 'present', NULL, '2026-04-11T19:00:00Z'),
  ('adcf79e8-540b-52eb-3659-8bb4b1cac0d7', 'c605e5a2-c54b-5a9c-ce5c-c44aa1f2ea67', 'd257a630-5d48-5f08-b55d-39adaafe4e0b', 'absent', 'Conflict', '2026-04-16T19:00:00Z'),
  ('1d186582-90b3-514d-975f-bfb1154dee91', 'bc02d468-115f-57e3-3817-e376179c5260', 'd257a630-5d48-5f08-b55d-39adaafe4e0b', 'present', NULL, '2026-04-18T19:00:00Z'),
  ('5613f55b-bd14-51c1-8f83-b1bd0e29f871', '0687c750-ed60-559c-d61b-fd8f9294cd54', 'd257a630-5d48-5f08-b55d-39adaafe4e0b', 'absent', 'Conflict', '2026-04-23T19:00:00Z'),
  ('a6b03096-956f-57c0-cbcc-f01d390e0219', 'a47bdf83-2657-50ae-de3f-79de008a5a36', 'd257a630-5d48-5f08-b55d-39adaafe4e0b', 'absent', 'Band', '2026-04-25T19:00:00Z'),
  ('5bcea25c-9c60-50d3-4805-8ce08ba7cdfe', '182f82f8-9752-5ac8-bfc4-b82d560907f5', 'd257a630-5d48-5f08-b55d-39adaafe4e0b', 'absent', 'Conflict', '2026-04-30T19:00:00Z'),
  ('948c17fe-ffc2-52ed-880d-7943d2d88b2c', '744c46ea-b21c-590d-5720-e71ab36aca00', 'd257a630-5d48-5f08-b55d-39adaafe4e0b', 'present', NULL, '2026-05-02T19:00:00Z'),
  ('20ecd67f-649a-5044-6b3a-c5d471e8a346', '901d8b40-3193-5efc-df4e-90a8ea07e003', 'd257a630-5d48-5f08-b55d-39adaafe4e0b', 'absent', 'Conflict', '2026-05-07T19:00:00Z'),
  ('862012e7-09c6-5256-a0d4-ff64d234f1ba', '91e8fef8-130a-53a2-78fc-936d59c86b9e', 'd257a630-5d48-5f08-b55d-39adaafe4e0b', 'present', NULL, '2026-05-09T19:00:00Z'),
  ('d7e4aff3-a7aa-581a-5b17-329b22addbcf', 'b0d399e4-26eb-5aac-dd6f-a8c1a2584b9a', 'd257a630-5d48-5f08-b55d-39adaafe4e0b', 'absent', 'Conflict', '2026-05-14T19:00:00Z'),
  ('39ac359c-82f4-5f60-6c9f-24e9ea727316', '6fd80169-cbc8-5a71-4475-1b55e053f091', 'd257a630-5d48-5f08-b55d-39adaafe4e0b', 'present', NULL, '2026-05-16T19:00:00Z'),
  ('d9f19fde-b0fa-59c5-31a9-1a7f11b93753', 'd2b2874f-0cd2-57b6-1157-154faf3e6c6f', 'c7adcd7e-1098-58bd-bd71-69db2ed6c876', 'absent', 'Excused', '2026-04-04T19:00:00Z'),
  ('d6554235-012a-5ccc-e3d2-30df9d8d4269', '4609ac37-c4e7-54c9-fd97-f5908d8f145e', 'c7adcd7e-1098-58bd-bd71-69db2ed6c876', 'absent', 'Excused', '2026-04-09T19:00:00Z'),
  ('ca0f1dbf-8ed3-5392-5596-21aa02b1a700', '3d28a3c1-0815-5f4c-731d-07e15d974b9d', 'c7adcd7e-1098-58bd-bd71-69db2ed6c876', 'absent', 'Excused', '2026-04-11T19:00:00Z'),
  ('29bcd1cd-986f-5823-58f6-6ad7250a1afa', 'c605e5a2-c54b-5a9c-ce5c-c44aa1f2ea67', 'c7adcd7e-1098-58bd-bd71-69db2ed6c876', 'present', NULL, '2026-04-16T19:00:00Z'),
  ('33004828-5a64-5da9-328d-b064aa4d247d', 'bc02d468-115f-57e3-3817-e376179c5260', 'c7adcd7e-1098-58bd-bd71-69db2ed6c876', 'present', NULL, '2026-04-18T19:00:00Z'),
  ('67594929-c7b8-52c3-ae4e-9ee08056a753', '0687c750-ed60-559c-d61b-fd8f9294cd54', 'c7adcd7e-1098-58bd-bd71-69db2ed6c876', 'present', NULL, '2026-04-23T19:00:00Z'),
  ('2432ae91-b464-5990-2dca-59f170657671', 'a47bdf83-2657-50ae-de3f-79de008a5a36', 'c7adcd7e-1098-58bd-bd71-69db2ed6c876', 'present', NULL, '2026-04-25T19:00:00Z'),
  ('1192a4c3-9181-5f4f-0f6c-d6df40785b02', '182f82f8-9752-5ac8-bfc4-b82d560907f5', 'c7adcd7e-1098-58bd-bd71-69db2ed6c876', 'present', NULL, '2026-04-30T19:00:00Z'),
  ('3ad5118e-8b30-5fbb-c214-32c0147a4571', '744c46ea-b21c-590d-5720-e71ab36aca00', 'c7adcd7e-1098-58bd-bd71-69db2ed6c876', 'present', NULL, '2026-05-02T19:00:00Z'),
  ('9e1e4ed5-0b62-51f8-b357-9d6b7943b6c1', '901d8b40-3193-5efc-df4e-90a8ea07e003', 'c7adcd7e-1098-58bd-bd71-69db2ed6c876', 'present', NULL, '2026-05-07T19:00:00Z'),
  ('d8398909-39a1-5961-1146-dd32022ae878', '91e8fef8-130a-53a2-78fc-936d59c86b9e', 'c7adcd7e-1098-58bd-bd71-69db2ed6c876', 'present', NULL, '2026-05-09T19:00:00Z'),
  ('c2af9537-3379-553b-b661-8c4bd48fd18a', 'b0d399e4-26eb-5aac-dd6f-a8c1a2584b9a', 'c7adcd7e-1098-58bd-bd71-69db2ed6c876', 'late', NULL, '2026-05-14T19:00:00Z'),
  ('6bc84d64-3ccd-50aa-eb2c-2e0e6411ec9e', '6fd80169-cbc8-5a71-4475-1b55e053f091', 'c7adcd7e-1098-58bd-bd71-69db2ed6c876', 'present', NULL, '2026-05-16T19:00:00Z'),
  ('8fff1c09-6eb8-5bbd-5c79-83aca928b61d', 'd2b2874f-0cd2-57b6-1157-154faf3e6c6f', 'df1e9895-4e88-533e-88e2-819d2e9e4fc3', 'present', NULL, '2026-04-04T19:00:00Z'),
  ('81f7b165-e2c1-5d5c-6ad7-68669274c5cb', '4609ac37-c4e7-54c9-fd97-f5908d8f145e', 'df1e9895-4e88-533e-88e2-819d2e9e4fc3', 'present', NULL, '2026-04-09T19:00:00Z'),
  ('62817e7c-5553-5616-eb99-5ae297943433', '3d28a3c1-0815-5f4c-731d-07e15d974b9d', 'df1e9895-4e88-533e-88e2-819d2e9e4fc3', 'present', NULL, '2026-04-11T19:00:00Z'),
  ('875c176f-d505-5999-5b27-c6b4ab733bb2', 'c605e5a2-c54b-5a9c-ce5c-c44aa1f2ea67', 'df1e9895-4e88-533e-88e2-819d2e9e4fc3', 'present', NULL, '2026-04-16T19:00:00Z'),
  ('59c99cdd-ca61-5649-8d25-af402ec0b6c4', 'bc02d468-115f-57e3-3817-e376179c5260', 'df1e9895-4e88-533e-88e2-819d2e9e4fc3', 'present', NULL, '2026-04-18T19:00:00Z'),
  ('bfaeeeed-f532-5fed-1b56-9f349581ba61', '0687c750-ed60-559c-d61b-fd8f9294cd54', 'df1e9895-4e88-533e-88e2-819d2e9e4fc3', 'absent', 'Conflict', '2026-04-23T19:00:00Z'),
  ('5df32063-e25d-5362-7f5f-3b76d3543760', 'a47bdf83-2657-50ae-de3f-79de008a5a36', 'df1e9895-4e88-533e-88e2-819d2e9e4fc3', 'present', NULL, '2026-04-25T19:00:00Z'),
  ('c41d4ef6-5e18-58db-d32c-9e027259f11e', '182f82f8-9752-5ac8-bfc4-b82d560907f5', 'df1e9895-4e88-533e-88e2-819d2e9e4fc3', 'present', NULL, '2026-04-30T19:00:00Z'),
  ('061f1194-aeff-55b9-e957-178ddbce94bc', '744c46ea-b21c-590d-5720-e71ab36aca00', 'df1e9895-4e88-533e-88e2-819d2e9e4fc3', 'present', NULL, '2026-05-02T19:00:00Z'),
  ('e5c18989-e557-53e0-79ff-57f48450f46d', '901d8b40-3193-5efc-df4e-90a8ea07e003', 'df1e9895-4e88-533e-88e2-819d2e9e4fc3', 'present', NULL, '2026-05-07T19:00:00Z'),
  ('9209af94-f17c-503f-7bce-e8b5f2ca5c9b', '91e8fef8-130a-53a2-78fc-936d59c86b9e', 'df1e9895-4e88-533e-88e2-819d2e9e4fc3', 'absent', 'Battle', '2026-05-09T19:00:00Z'),
  ('9630b61f-55f4-57e8-5d3c-b5115f51af33', 'b0d399e4-26eb-5aac-dd6f-a8c1a2584b9a', 'df1e9895-4e88-533e-88e2-819d2e9e4fc3', 'present', NULL, '2026-05-14T19:00:00Z'),
  ('bf689201-6395-5951-5db4-590a694df901', '6fd80169-cbc8-5a71-4475-1b55e053f091', 'df1e9895-4e88-533e-88e2-819d2e9e4fc3', 'present', NULL, '2026-05-16T19:00:00Z'),
  ('b89016e5-15c4-5ba0-4191-8580459c8ab4', 'd2b2874f-0cd2-57b6-1157-154faf3e6c6f', '9e3c08ce-ec00-58f4-0630-f5b4f5ce37fe', 'present', NULL, '2026-04-04T19:00:00Z'),
  ('84884da2-61f2-5c72-4be2-7bb34d3d1556', '4609ac37-c4e7-54c9-fd97-f5908d8f145e', '9e3c08ce-ec00-58f4-0630-f5b4f5ce37fe', 'present', NULL, '2026-04-09T19:00:00Z'),
  ('67b8f33f-4647-54d2-6068-e75c8a70086e', '3d28a3c1-0815-5f4c-731d-07e15d974b9d', '9e3c08ce-ec00-58f4-0630-f5b4f5ce37fe', 'present', NULL, '2026-04-11T19:00:00Z'),
  ('01bc0319-0611-5a6f-554e-cf2036746269', 'c605e5a2-c54b-5a9c-ce5c-c44aa1f2ea67', '9e3c08ce-ec00-58f4-0630-f5b4f5ce37fe', 'present', NULL, '2026-04-16T19:00:00Z'),
  ('83cccb01-1772-535f-3026-06f8383413fd', 'bc02d468-115f-57e3-3817-e376179c5260', '9e3c08ce-ec00-58f4-0630-f5b4f5ce37fe', 'late', 'Work', '2026-04-18T19:00:00Z'),
  ('341bd167-8928-5141-ccba-7981de17dcac', '0687c750-ed60-559c-d61b-fd8f9294cd54', '9e3c08ce-ec00-58f4-0630-f5b4f5ce37fe', 'absent', 'Emergency', '2026-04-23T19:00:00Z'),
  ('f77d248c-3ef2-5a66-a6c6-cc2a70d2b959', 'a47bdf83-2657-50ae-de3f-79de008a5a36', '9e3c08ce-ec00-58f4-0630-f5b4f5ce37fe', 'absent', 'Band', '2026-04-25T19:00:00Z'),
  ('07fac22d-783b-5837-6a42-a4584f06bba4', '182f82f8-9752-5ac8-bfc4-b82d560907f5', '9e3c08ce-ec00-58f4-0630-f5b4f5ce37fe', 'present', NULL, '2026-04-30T19:00:00Z'),
  ('60c0e9aa-1a57-59de-f159-fc73e71a458e', '744c46ea-b21c-590d-5720-e71ab36aca00', '9e3c08ce-ec00-58f4-0630-f5b4f5ce37fe', 'present', NULL, '2026-05-02T19:00:00Z'),
  ('7b26f852-57e4-5d04-1e8a-f70ecb5d9d07', '901d8b40-3193-5efc-df4e-90a8ea07e003', '9e3c08ce-ec00-58f4-0630-f5b4f5ce37fe', 'absent', 'Band', '2026-05-07T19:00:00Z'),
  ('08e6b78f-fb12-57d8-29a2-9e821fbe3f21', '91e8fef8-130a-53a2-78fc-936d59c86b9e', '9e3c08ce-ec00-58f4-0630-f5b4f5ce37fe', 'present', NULL, '2026-05-09T19:00:00Z'),
  ('90696d54-8e60-5ec7-c945-054fda918765', 'b0d399e4-26eb-5aac-dd6f-a8c1a2584b9a', '9e3c08ce-ec00-58f4-0630-f5b4f5ce37fe', 'present', NULL, '2026-05-14T19:00:00Z'),
  ('b7524335-1f6e-5871-aad0-2b3a065fbeec', '6fd80169-cbc8-5a71-4475-1b55e053f091', '9e3c08ce-ec00-58f4-0630-f5b4f5ce37fe', 'present', NULL, '2026-05-16T19:00:00Z'),
  ('d34c8613-f1b4-5306-dfa5-8adb1865a15b', 'd2b2874f-0cd2-57b6-1157-154faf3e6c6f', '3ec07bad-ba2c-578d-cfd3-073a951546f0', 'present', NULL, '2026-04-04T19:00:00Z'),
  ('db7ac22f-4fc5-5642-e0ca-1480634b91ae', '4609ac37-c4e7-54c9-fd97-f5908d8f145e', '3ec07bad-ba2c-578d-cfd3-073a951546f0', 'present', NULL, '2026-04-09T19:00:00Z'),
  ('eee8f7af-6417-5cbc-5a1d-f2dc361bc0b4', '3d28a3c1-0815-5f4c-731d-07e15d974b9d', '3ec07bad-ba2c-578d-cfd3-073a951546f0', 'present', NULL, '2026-04-11T19:00:00Z'),
  ('c4747e48-0f16-53e8-15c1-1cee389e136b', 'c605e5a2-c54b-5a9c-ce5c-c44aa1f2ea67', '3ec07bad-ba2c-578d-cfd3-073a951546f0', 'present', NULL, '2026-04-16T19:00:00Z'),
  ('d0cf754b-f205-547d-499c-a674ffc0056f', 'bc02d468-115f-57e3-3817-e376179c5260', '3ec07bad-ba2c-578d-cfd3-073a951546f0', 'absent', 'Have visitor', '2026-04-18T19:00:00Z'),
  ('a038ddb1-de43-51c2-83e9-2dccea035de8', '0687c750-ed60-559c-d61b-fd8f9294cd54', '3ec07bad-ba2c-578d-cfd3-073a951546f0', 'present', NULL, '2026-04-23T19:00:00Z'),
  ('530d960d-19e0-5a87-98a2-126ad4e26ca7', 'a47bdf83-2657-50ae-de3f-79de008a5a36', '3ec07bad-ba2c-578d-cfd3-073a951546f0', 'present', NULL, '2026-04-25T19:00:00Z'),
  ('abace8de-8bce-5f63-4b02-3b9c1e056d35', '182f82f8-9752-5ac8-bfc4-b82d560907f5', '3ec07bad-ba2c-578d-cfd3-073a951546f0', 'present', NULL, '2026-04-30T19:00:00Z'),
  ('757c455c-3365-5f58-77d8-990f1f9fd2a7', '744c46ea-b21c-590d-5720-e71ab36aca00', '3ec07bad-ba2c-578d-cfd3-073a951546f0', 'present', NULL, '2026-05-02T19:00:00Z'),
  ('a9eead71-3efe-5726-50df-ffae5f5b00e3', '901d8b40-3193-5efc-df4e-90a8ea07e003', '3ec07bad-ba2c-578d-cfd3-073a951546f0', 'absent', 'Out of town', '2026-05-07T19:00:00Z'),
  ('7028a6c3-d362-5a66-90c1-4b0b468e9f87', '91e8fef8-130a-53a2-78fc-936d59c86b9e', '3ec07bad-ba2c-578d-cfd3-073a951546f0', 'absent', 'Out of town', '2026-05-09T19:00:00Z'),
  ('c55a0fec-f665-53ea-58f0-18afb18cd57c', 'b0d399e4-26eb-5aac-dd6f-a8c1a2584b9a', '3ec07bad-ba2c-578d-cfd3-073a951546f0', 'late', 'Time change', '2026-05-14T19:00:00Z'),
  ('694d7a7d-a282-576e-1ebc-71ab9a88e30b', '6fd80169-cbc8-5a71-4475-1b55e053f091', '3ec07bad-ba2c-578d-cfd3-073a951546f0', 'present', NULL, '2026-05-16T19:00:00Z'),
  ('6ed0766c-24ef-585a-dd6d-4dcf8643bb60', 'd2b2874f-0cd2-57b6-1157-154faf3e6c6f', 'b7237633-6919-5d08-475c-9857d25579ab', 'present', NULL, '2026-04-04T19:00:00Z'),
  ('3c166f70-0bb6-519b-38ce-ce46884465aa', '4609ac37-c4e7-54c9-fd97-f5908d8f145e', 'b7237633-6919-5d08-475c-9857d25579ab', 'absent', 'Out of town', '2026-04-09T19:00:00Z'),
  ('ee2c1e57-c45a-520e-bf02-180b6c0721bc', '3d28a3c1-0815-5f4c-731d-07e15d974b9d', 'b7237633-6919-5d08-475c-9857d25579ab', 'absent', 'Out of town', '2026-04-11T19:00:00Z'),
  ('b5061c72-92b1-5341-e4f4-b6c1aecda3e7', 'c605e5a2-c54b-5a9c-ce5c-c44aa1f2ea67', 'b7237633-6919-5d08-475c-9857d25579ab', 'absent', 'Out of town', '2026-04-16T19:00:00Z'),
  ('01e96c7b-fd0f-584c-f329-d92f2786d221', 'bc02d468-115f-57e3-3817-e376179c5260', 'b7237633-6919-5d08-475c-9857d25579ab', 'absent', 'Out of town', '2026-04-18T19:00:00Z'),
  ('e415cbea-e8b1-5837-90a3-c880ea15cb33', '0687c750-ed60-559c-d61b-fd8f9294cd54', 'b7237633-6919-5d08-475c-9857d25579ab', 'absent', 'Sick', '2026-04-23T19:00:00Z'),
  ('b3a42719-c68a-5a0c-2ade-c47435a46168', 'a47bdf83-2657-50ae-de3f-79de008a5a36', 'b7237633-6919-5d08-475c-9857d25579ab', 'present', NULL, '2026-04-25T19:00:00Z'),
  ('c905e813-729e-5091-b6f5-cd51e3789dfc', '182f82f8-9752-5ac8-bfc4-b82d560907f5', 'b7237633-6919-5d08-475c-9857d25579ab', 'present', NULL, '2026-04-30T19:00:00Z'),
  ('685a58f6-bebb-5df6-c247-85aa5f184f4d', '744c46ea-b21c-590d-5720-e71ab36aca00', 'b7237633-6919-5d08-475c-9857d25579ab', 'present', NULL, '2026-05-02T19:00:00Z'),
  ('0c9cddac-d5d8-53a0-fa33-8767bba5108c', '901d8b40-3193-5efc-df4e-90a8ea07e003', 'b7237633-6919-5d08-475c-9857d25579ab', 'absent', 'Band', '2026-05-07T19:00:00Z'),
  ('40c847bd-78e8-5ad8-570c-78261773bba5', '91e8fef8-130a-53a2-78fc-936d59c86b9e', 'b7237633-6919-5d08-475c-9857d25579ab', 'absent', 'Band', '2026-05-09T19:00:00Z'),
  ('1bc8d0cc-73a4-52cb-e943-049250c94976', 'b0d399e4-26eb-5aac-dd6f-a8c1a2584b9a', 'b7237633-6919-5d08-475c-9857d25579ab', 'late', NULL, '2026-05-14T19:00:00Z'),
  ('c7fa965d-7ee1-584e-0252-bfb6d514086a', '6fd80169-cbc8-5a71-4475-1b55e053f091', 'b7237633-6919-5d08-475c-9857d25579ab', 'present', NULL, '2026-05-16T19:00:00Z'),
  ('293465a7-a88e-5e68-d0ca-0ece5b9706aa', 'd2b2874f-0cd2-57b6-1157-154faf3e6c6f', 'a88befc2-6f9b-57ed-344f-452290f614af', 'present', NULL, '2026-04-04T19:00:00Z'),
  ('c5e8e91f-2ecd-58e4-3cf8-69fde41e13d6', '4609ac37-c4e7-54c9-fd97-f5908d8f145e', 'a88befc2-6f9b-57ed-344f-452290f614af', 'present', NULL, '2026-04-09T19:00:00Z'),
  ('c035ec4a-e310-5018-fd34-d769147b2c86', '3d28a3c1-0815-5f4c-731d-07e15d974b9d', 'a88befc2-6f9b-57ed-344f-452290f614af', 'present', NULL, '2026-04-11T19:00:00Z'),
  ('7d61115a-9b2d-5bd6-d55b-4ccaf44a6dff', 'c605e5a2-c54b-5a9c-ce5c-c44aa1f2ea67', 'a88befc2-6f9b-57ed-344f-452290f614af', 'present', NULL, '2026-04-16T19:00:00Z'),
  ('0354a70d-77b3-556a-59e4-e83adafc7042', 'bc02d468-115f-57e3-3817-e376179c5260', 'a88befc2-6f9b-57ed-344f-452290f614af', 'present', NULL, '2026-04-18T19:00:00Z'),
  ('c4ea8560-5c26-5f4f-7064-fb381be104cc', '0687c750-ed60-559c-d61b-fd8f9294cd54', 'a88befc2-6f9b-57ed-344f-452290f614af', 'present', NULL, '2026-04-23T19:00:00Z'),
  ('0d1d19bb-1082-5c28-856e-ae19edbead95', 'a47bdf83-2657-50ae-de3f-79de008a5a36', 'a88befc2-6f9b-57ed-344f-452290f614af', 'present', NULL, '2026-04-25T19:00:00Z'),
  ('680b487a-8d18-529b-452e-5e9ab495c794', '182f82f8-9752-5ac8-bfc4-b82d560907f5', 'a88befc2-6f9b-57ed-344f-452290f614af', 'present', NULL, '2026-04-30T19:00:00Z'),
  ('1e959449-b70e-502f-c5db-d09d3748efa0', '744c46ea-b21c-590d-5720-e71ab36aca00', 'a88befc2-6f9b-57ed-344f-452290f614af', 'present', NULL, '2026-05-02T19:00:00Z'),
  ('7ddd21d8-2704-578d-c3e4-b197b5eac58d', '901d8b40-3193-5efc-df4e-90a8ea07e003', 'a88befc2-6f9b-57ed-344f-452290f614af', 'present', NULL, '2026-05-07T19:00:00Z'),
  ('121a15fb-e7d5-50b4-ade8-77f98cff5330', '91e8fef8-130a-53a2-78fc-936d59c86b9e', 'a88befc2-6f9b-57ed-344f-452290f614af', 'absent', 'Band', '2026-05-09T19:00:00Z'),
  ('35a9456b-ef50-51c2-efea-2b6e54f4c66e', 'b0d399e4-26eb-5aac-dd6f-a8c1a2584b9a', 'a88befc2-6f9b-57ed-344f-452290f614af', 'late', 'Work', '2026-05-14T19:00:00Z'),
  ('103c0d28-43e4-519d-8a96-85535b7ed75f', '6fd80169-cbc8-5a71-4475-1b55e053f091', 'a88befc2-6f9b-57ed-344f-452290f614af', 'present', NULL, '2026-05-16T19:00:00Z'),
  ('618721a3-7fa0-522d-0ad4-44582939809a', 'd2b2874f-0cd2-57b6-1157-154faf3e6c6f', '30e3188b-be65-576c-7229-78db362b75c7', 'absent', NULL, '2026-04-04T19:00:00Z'),
  ('4ae9abcf-7fba-51d8-f66f-51db691a0042', '4609ac37-c4e7-54c9-fd97-f5908d8f145e', '30e3188b-be65-576c-7229-78db362b75c7', 'present', NULL, '2026-04-09T19:00:00Z'),
  ('3964c37b-992a-5c27-bc07-f721472d83d6', 'd2b2874f-0cd2-57b6-1157-154faf3e6c6f', 'bcdd6f59-5010-518a-94f0-a36d48e167f4', 'present', NULL, '2026-04-04T19:00:00Z'),
  ('54243ab8-719b-5636-e8e5-59c9e41964df', '4609ac37-c4e7-54c9-fd97-f5908d8f145e', 'bcdd6f59-5010-518a-94f0-a36d48e167f4', 'present', NULL, '2026-04-09T19:00:00Z'),
  ('44da7452-84b6-5d9a-cb37-2157d7c9baff', '3d28a3c1-0815-5f4c-731d-07e15d974b9d', 'bcdd6f59-5010-518a-94f0-a36d48e167f4', 'absent', 'Out of town', '2026-04-11T19:00:00Z'),
  ('4ad0d033-d054-57b7-dfbc-3fe83e0f5a86', 'c605e5a2-c54b-5a9c-ce5c-c44aa1f2ea67', 'bcdd6f59-5010-518a-94f0-a36d48e167f4', 'absent', 'Out of town', '2026-04-16T19:00:00Z'),
  ('322483a2-8688-58f6-3a8d-c022af0b8d95', 'bc02d468-115f-57e3-3817-e376179c5260', 'bcdd6f59-5010-518a-94f0-a36d48e167f4', 'absent', 'Out of town', '2026-04-18T19:00:00Z'),
  ('fa0be87b-ac32-507d-ef67-a708f104759d', '0687c750-ed60-559c-d61b-fd8f9294cd54', 'bcdd6f59-5010-518a-94f0-a36d48e167f4', 'absent', 'Out of town', '2026-04-23T19:00:00Z'),
  ('94228bfa-5fd4-5e28-606c-d97294ae6132', 'a47bdf83-2657-50ae-de3f-79de008a5a36', 'bcdd6f59-5010-518a-94f0-a36d48e167f4', 'absent', 'Out of town', '2026-04-25T19:00:00Z'),
  ('0c63f07d-861a-5e1a-5e94-dbf292f7ee2f', '182f82f8-9752-5ac8-bfc4-b82d560907f5', 'bcdd6f59-5010-518a-94f0-a36d48e167f4', 'absent', 'Out of town', '2026-04-30T19:00:00Z'),
  ('be4e9594-174c-5628-0c6a-b91e40be1a3c', '744c46ea-b21c-590d-5720-e71ab36aca00', 'bcdd6f59-5010-518a-94f0-a36d48e167f4', 'absent', 'Out of town', '2026-05-02T19:00:00Z'),
  ('6441c44d-e71f-57d1-ff79-f54690625d80', '901d8b40-3193-5efc-df4e-90a8ea07e003', 'bcdd6f59-5010-518a-94f0-a36d48e167f4', 'present', NULL, '2026-05-07T19:00:00Z'),
  ('4b596388-2c4c-56f4-82fa-27f1f63b89f1', '91e8fef8-130a-53a2-78fc-936d59c86b9e', 'bcdd6f59-5010-518a-94f0-a36d48e167f4', 'present', NULL, '2026-05-09T19:00:00Z'),
  ('2206cae8-32bc-5024-c08e-b3d05260d21d', 'b0d399e4-26eb-5aac-dd6f-a8c1a2584b9a', 'bcdd6f59-5010-518a-94f0-a36d48e167f4', 'present', NULL, '2026-05-14T19:00:00Z'),
  ('fbe587b7-30ac-5b7f-97f7-04e450d64dc0', '6fd80169-cbc8-5a71-4475-1b55e053f091', 'bcdd6f59-5010-518a-94f0-a36d48e167f4', 'present', NULL, '2026-05-16T19:00:00Z'),
  ('de379ea9-8397-5d64-3d96-b4beb3c61a53', 'd2b2874f-0cd2-57b6-1157-154faf3e6c6f', 'ad874926-0af0-55de-cdc2-ae7eba22003b', 'present', NULL, '2026-04-04T19:00:00Z'),
  ('53752f22-e8af-5b72-8f11-78c4da63c86f', '4609ac37-c4e7-54c9-fd97-f5908d8f145e', 'ad874926-0af0-55de-cdc2-ae7eba22003b', 'present', NULL, '2026-04-09T19:00:00Z'),
  ('55932163-784c-50d5-dce0-24774d74ae0d', '3d28a3c1-0815-5f4c-731d-07e15d974b9d', 'ad874926-0af0-55de-cdc2-ae7eba22003b', 'present', NULL, '2026-04-11T19:00:00Z'),
  ('20409824-4244-583a-bbf1-8f26c38407bb', 'c605e5a2-c54b-5a9c-ce5c-c44aa1f2ea67', 'ad874926-0af0-55de-cdc2-ae7eba22003b', 'present', NULL, '2026-04-16T19:00:00Z'),
  ('0d338766-c3f2-5f0d-b9b2-965e3beaaa77', 'bc02d468-115f-57e3-3817-e376179c5260', 'ad874926-0af0-55de-cdc2-ae7eba22003b', 'present', NULL, '2026-04-18T19:00:00Z'),
  ('7f1a7bba-bfbe-561f-71ea-d09b30598b62', '0687c750-ed60-559c-d61b-fd8f9294cd54', 'ad874926-0af0-55de-cdc2-ae7eba22003b', 'absent', 'Out of town', '2026-04-23T19:00:00Z'),
  ('3bf0afa0-7bde-5ad6-cb73-211508ac48c6', 'a47bdf83-2657-50ae-de3f-79de008a5a36', 'ad874926-0af0-55de-cdc2-ae7eba22003b', 'absent', 'Out of town', '2026-04-25T19:00:00Z'),
  ('e29a76f8-8ea4-5690-9d0b-b1fcf0fe1748', '182f82f8-9752-5ac8-bfc4-b82d560907f5', 'ad874926-0af0-55de-cdc2-ae7eba22003b', 'present', NULL, '2026-04-30T19:00:00Z'),
  ('0ab67ac4-e17c-5fba-634d-73fbab6128e0', '744c46ea-b21c-590d-5720-e71ab36aca00', 'ad874926-0af0-55de-cdc2-ae7eba22003b', 'present', NULL, '2026-05-02T19:00:00Z'),
  ('c55bb0ff-4aae-5e70-58b1-58d6444f2fd0', '901d8b40-3193-5efc-df4e-90a8ea07e003', 'ad874926-0af0-55de-cdc2-ae7eba22003b', 'present', NULL, '2026-05-07T19:00:00Z'),
  ('0e1858e4-a724-5b23-b29b-43c65d174643', '91e8fef8-130a-53a2-78fc-936d59c86b9e', 'ad874926-0af0-55de-cdc2-ae7eba22003b', 'absent', 'Battle', '2026-05-09T19:00:00Z'),
  ('4df9a5bf-acb1-5a96-0ff7-7b74a135892c', 'b0d399e4-26eb-5aac-dd6f-a8c1a2584b9a', 'ad874926-0af0-55de-cdc2-ae7eba22003b', 'present', NULL, '2026-05-14T19:00:00Z'),
  ('df9e394b-dd3e-570f-9772-c0af959a0573', '6fd80169-cbc8-5a71-4475-1b55e053f091', 'ad874926-0af0-55de-cdc2-ae7eba22003b', 'present', NULL, '2026-05-16T19:00:00Z'),
  ('b4b29e53-4f9f-56b8-75fc-a904d1a2d369', 'd2b2874f-0cd2-57b6-1157-154faf3e6c6f', '202e846c-88e8-5366-449a-ad76a8b56eaa', 'present', NULL, '2026-04-04T19:00:00Z'),
  ('f9841156-20de-5b68-e17a-544d7849af76', '4609ac37-c4e7-54c9-fd97-f5908d8f145e', '202e846c-88e8-5366-449a-ad76a8b56eaa', 'present', NULL, '2026-04-09T19:00:00Z'),
  ('6c36e58f-1029-519a-7d97-189f8e416087', '3d28a3c1-0815-5f4c-731d-07e15d974b9d', '202e846c-88e8-5366-449a-ad76a8b56eaa', 'absent', 'Parents visit', '2026-04-11T19:00:00Z'),
  ('e8d90f67-1207-5e27-7f0b-52598e36624e', 'c605e5a2-c54b-5a9c-ce5c-c44aa1f2ea67', '202e846c-88e8-5366-449a-ad76a8b56eaa', 'absent', 'Audition', '2026-04-16T19:00:00Z'),
  ('1db5cc8c-40f3-5e57-5fa2-d12e6116991f', 'bc02d468-115f-57e3-3817-e376179c5260', '202e846c-88e8-5366-449a-ad76a8b56eaa', 'absent', 'Rehearsal', '2026-04-18T19:00:00Z'),
  ('f6485f5e-1290-580b-2fd2-f2e087652bb6', '0687c750-ed60-559c-d61b-fd8f9294cd54', '202e846c-88e8-5366-449a-ad76a8b56eaa', 'present', NULL, '2026-04-23T19:00:00Z'),
  ('6b81c296-6ec1-5d05-ad8e-11cbd110e644', 'a47bdf83-2657-50ae-de3f-79de008a5a36', '202e846c-88e8-5366-449a-ad76a8b56eaa', 'absent', 'Band', '2026-04-25T19:00:00Z'),
  ('0a594d73-fcfe-51db-e071-d9eb473280d0', '182f82f8-9752-5ac8-bfc4-b82d560907f5', '202e846c-88e8-5366-449a-ad76a8b56eaa', 'present', NULL, '2026-04-30T19:00:00Z'),
  ('5bcfcc94-a3b5-55ef-4acc-913908259a45', '744c46ea-b21c-590d-5720-e71ab36aca00', '202e846c-88e8-5366-449a-ad76a8b56eaa', 'absent', 'Band', '2026-05-02T19:00:00Z'),
  ('6147aa11-ea77-535b-afb6-f1bd25f9ea16', '901d8b40-3193-5efc-df4e-90a8ea07e003', '202e846c-88e8-5366-449a-ad76a8b56eaa', 'late', 'Work', '2026-05-07T19:00:00Z'),
  ('2c4eea0f-88b7-5742-df50-0d030d0f59f7', '91e8fef8-130a-53a2-78fc-936d59c86b9e', '202e846c-88e8-5366-449a-ad76a8b56eaa', 'absent', 'Band', '2026-05-09T19:00:00Z'),
  ('14051fbc-338e-57a0-6f7d-3033772df9cf', 'b0d399e4-26eb-5aac-dd6f-a8c1a2584b9a', '202e846c-88e8-5366-449a-ad76a8b56eaa', 'present', NULL, '2026-05-14T19:00:00Z'),
  ('27e47412-40cf-5bb5-7615-9adaac7dce65', '6fd80169-cbc8-5a71-4475-1b55e053f091', '202e846c-88e8-5366-449a-ad76a8b56eaa', 'absent', 'Sick', '2026-05-16T19:00:00Z'),
  ('71cbaa78-6fbd-54f1-d9d2-35a4d9655f4e', 'd2b2874f-0cd2-57b6-1157-154faf3e6c6f', 'ef6396ce-c8ae-5e9f-4047-3ea6be2482e5', 'present', NULL, '2026-04-04T19:00:00Z'),
  ('147b70b1-1330-5929-4720-b88e06048f78', '4609ac37-c4e7-54c9-fd97-f5908d8f145e', 'ef6396ce-c8ae-5e9f-4047-3ea6be2482e5', 'present', NULL, '2026-04-09T19:00:00Z'),
  ('b5981fe3-9f80-5964-be3a-30a79daad6e8', '3d28a3c1-0815-5f4c-731d-07e15d974b9d', 'ef6396ce-c8ae-5e9f-4047-3ea6be2482e5', 'absent', 'Sick', '2026-04-11T19:00:00Z'),
  ('18125e19-c026-5765-2064-c6e79688c8ac', 'c605e5a2-c54b-5a9c-ce5c-c44aa1f2ea67', 'ef6396ce-c8ae-5e9f-4047-3ea6be2482e5', 'absent', 'Out of town', '2026-04-16T19:00:00Z'),
  ('2b5e466b-518d-5139-84c5-5c5b7a0b8c92', 'bc02d468-115f-57e3-3817-e376179c5260', 'ef6396ce-c8ae-5e9f-4047-3ea6be2482e5', 'absent', 'Out of town', '2026-04-18T19:00:00Z'),
  ('9e9136ab-a320-587c-62c5-6046dafd5811', '0687c750-ed60-559c-d61b-fd8f9294cd54', 'ef6396ce-c8ae-5e9f-4047-3ea6be2482e5', 'present', NULL, '2026-04-23T19:00:00Z'),
  ('f94dbc1e-53ea-5cff-76d3-1e54598ac3c9', 'a47bdf83-2657-50ae-de3f-79de008a5a36', 'ef6396ce-c8ae-5e9f-4047-3ea6be2482e5', 'absent', 'Band', '2026-04-25T19:00:00Z'),
  ('95852938-7fd0-553a-b66b-bd6c91a760a8', '182f82f8-9752-5ac8-bfc4-b82d560907f5', 'ef6396ce-c8ae-5e9f-4047-3ea6be2482e5', 'present', NULL, '2026-04-30T19:00:00Z'),
  ('f825c805-c939-5826-c78f-7864fa3cdd9c', '744c46ea-b21c-590d-5720-e71ab36aca00', 'ef6396ce-c8ae-5e9f-4047-3ea6be2482e5', 'present', NULL, '2026-05-02T19:00:00Z'),
  ('cf5a277c-f458-57c4-59f5-192021d5b153', '901d8b40-3193-5efc-df4e-90a8ea07e003', 'ef6396ce-c8ae-5e9f-4047-3ea6be2482e5', 'present', NULL, '2026-05-07T19:00:00Z'),
  ('56ad0908-42e2-5561-f4b1-37e35315208a', '91e8fef8-130a-53a2-78fc-936d59c86b9e', 'ef6396ce-c8ae-5e9f-4047-3ea6be2482e5', 'absent', 'Band', '2026-05-09T19:00:00Z'),
  ('93647e16-4284-5d67-efbf-feb0a9e4af5d', 'b0d399e4-26eb-5aac-dd6f-a8c1a2584b9a', 'ef6396ce-c8ae-5e9f-4047-3ea6be2482e5', 'absent', 'Band', '2026-05-14T19:00:00Z'),
  ('7aecdfea-e584-567c-878d-81d1baaf44e8', '6fd80169-cbc8-5a71-4475-1b55e053f091', 'ef6396ce-c8ae-5e9f-4047-3ea6be2482e5', 'absent', NULL, '2026-05-16T19:00:00Z'),
  ('f9d0da9e-956f-5663-f7b0-d539cf59957e', 'd2b2874f-0cd2-57b6-1157-154faf3e6c6f', 'ba450c0e-ec1e-5b96-dc9b-93f4f35f228e', 'present', NULL, '2026-04-04T19:00:00Z'),
  ('dea993d8-03b8-5d08-92a5-44e928197ad3', '4609ac37-c4e7-54c9-fd97-f5908d8f145e', 'ba450c0e-ec1e-5b96-dc9b-93f4f35f228e', 'present', NULL, '2026-04-09T19:00:00Z'),
  ('65cd7191-7091-594e-6379-c7fd9e246f77', '3d28a3c1-0815-5f4c-731d-07e15d974b9d', 'ba450c0e-ec1e-5b96-dc9b-93f4f35f228e', 'present', NULL, '2026-04-11T19:00:00Z'),
  ('271e286d-1b4d-5ee7-649b-eb5a495b39fe', 'c605e5a2-c54b-5a9c-ce5c-c44aa1f2ea67', 'ba450c0e-ec1e-5b96-dc9b-93f4f35f228e', 'present', NULL, '2026-04-16T19:00:00Z'),
  ('a7c19a62-9cf3-5dae-50fe-37e2cb60bb27', 'bc02d468-115f-57e3-3817-e376179c5260', 'ba450c0e-ec1e-5b96-dc9b-93f4f35f228e', 'present', NULL, '2026-04-18T19:00:00Z'),
  ('f157f95d-3746-5577-18a0-63b3b57ea0be', '0687c750-ed60-559c-d61b-fd8f9294cd54', 'ba450c0e-ec1e-5b96-dc9b-93f4f35f228e', 'present', NULL, '2026-04-23T19:00:00Z'),
  ('b43e3a74-6880-534d-7b3b-5e4463475772', 'a47bdf83-2657-50ae-de3f-79de008a5a36', 'ba450c0e-ec1e-5b96-dc9b-93f4f35f228e', 'absent', 'Band', '2026-04-25T19:00:00Z'),
  ('3b30209a-022b-51c0-a2b4-8ce856443bd4', '182f82f8-9752-5ac8-bfc4-b82d560907f5', 'ba450c0e-ec1e-5b96-dc9b-93f4f35f228e', 'absent', 'Conflict', '2026-04-30T19:00:00Z'),
  ('ade1c728-6e2b-5e1a-cd2f-2a290428a27c', '744c46ea-b21c-590d-5720-e71ab36aca00', 'ba450c0e-ec1e-5b96-dc9b-93f4f35f228e', 'present', NULL, '2026-05-02T19:00:00Z'),
  ('b1a7f997-3bb6-544f-fe21-6eba66c80de5', '901d8b40-3193-5efc-df4e-90a8ea07e003', 'ba450c0e-ec1e-5b96-dc9b-93f4f35f228e', 'absent', 'Conflict', '2026-05-07T19:00:00Z'),
  ('c9f302b5-cb8b-5185-4f93-e48e35610cfc', '91e8fef8-130a-53a2-78fc-936d59c86b9e', 'ba450c0e-ec1e-5b96-dc9b-93f4f35f228e', 'present', NULL, '2026-05-09T19:00:00Z'),
  ('b00a2c23-b7ef-5613-49a9-c49f1f5e280e', 'b0d399e4-26eb-5aac-dd6f-a8c1a2584b9a', 'ba450c0e-ec1e-5b96-dc9b-93f4f35f228e', 'absent', 'Band', '2026-05-14T19:00:00Z'),
  ('33852fda-1ed8-54d5-a3c1-3ef53499f17f', '6fd80169-cbc8-5a71-4475-1b55e053f091', 'ba450c0e-ec1e-5b96-dc9b-93f4f35f228e', 'absent', NULL, '2026-05-16T19:00:00Z'),
  ('07f8d6bc-413f-5306-1a89-5463071e97cb', 'd2b2874f-0cd2-57b6-1157-154faf3e6c6f', 'f0a7bdab-a24c-598e-431c-8cfeeba59de9', 'present', NULL, '2026-04-04T19:00:00Z'),
  ('59273c21-ef33-588d-9c2e-b925a40601e2', '4609ac37-c4e7-54c9-fd97-f5908d8f145e', 'f0a7bdab-a24c-598e-431c-8cfeeba59de9', 'present', NULL, '2026-04-09T19:00:00Z'),
  ('0d65e277-60eb-5dd4-0d42-4ac9ff4d0c65', '3d28a3c1-0815-5f4c-731d-07e15d974b9d', 'f0a7bdab-a24c-598e-431c-8cfeeba59de9', 'present', NULL, '2026-04-11T19:00:00Z'),
  ('b04e1142-06ae-53f1-43ad-599b2f7ddf93', 'c605e5a2-c54b-5a9c-ce5c-c44aa1f2ea67', 'f0a7bdab-a24c-598e-431c-8cfeeba59de9', 'present', NULL, '2026-04-16T19:00:00Z'),
  ('b4251424-db6f-5674-ac84-012bf9719fe5', 'bc02d468-115f-57e3-3817-e376179c5260', 'f0a7bdab-a24c-598e-431c-8cfeeba59de9', 'late', 'Band', '2026-04-18T19:00:00Z'),
  ('141d9c17-892b-575f-d0b6-31ca138eea1b', '0687c750-ed60-559c-d61b-fd8f9294cd54', 'f0a7bdab-a24c-598e-431c-8cfeeba59de9', 'absent', 'Out of town', '2026-04-23T19:00:00Z'),
  ('c7496428-5d42-5eaf-dba1-ace39005960d', 'a47bdf83-2657-50ae-de3f-79de008a5a36', 'f0a7bdab-a24c-598e-431c-8cfeeba59de9', 'absent', 'Out of town', '2026-04-25T19:00:00Z'),
  ('7ff67355-9894-5958-3e88-c8637f884282', '182f82f8-9752-5ac8-bfc4-b82d560907f5', 'f0a7bdab-a24c-598e-431c-8cfeeba59de9', 'present', NULL, '2026-04-30T19:00:00Z'),
  ('65f0ce59-ff12-5a24-4fbf-fcdbbb4dffa5', '744c46ea-b21c-590d-5720-e71ab36aca00', 'f0a7bdab-a24c-598e-431c-8cfeeba59de9', 'absent', 'Band', '2026-05-02T19:00:00Z'),
  ('6951be6f-1ef3-52cb-31d0-3dca309465a1', '901d8b40-3193-5efc-df4e-90a8ea07e003', 'f0a7bdab-a24c-598e-431c-8cfeeba59de9', 'present', NULL, '2026-05-07T19:00:00Z'),
  ('f1874323-533d-5665-eade-db77ea65dfbc', '91e8fef8-130a-53a2-78fc-936d59c86b9e', 'f0a7bdab-a24c-598e-431c-8cfeeba59de9', 'present', NULL, '2026-05-09T19:00:00Z'),
  ('c12490cd-b7d4-5edd-3aba-6b57ad440a7e', 'b0d399e4-26eb-5aac-dd6f-a8c1a2584b9a', 'f0a7bdab-a24c-598e-431c-8cfeeba59de9', 'present', NULL, '2026-05-14T19:00:00Z'),
  ('80aefb42-f19e-5737-97ef-38b0dbd950e7', '6fd80169-cbc8-5a71-4475-1b55e053f091', 'f0a7bdab-a24c-598e-431c-8cfeeba59de9', 'absent', NULL, '2026-05-16T19:00:00Z'),
  ('d54e2434-ec4d-5be3-bc67-788c050537d9', '6dcf6e08-6c08-5096-e573-ba0c88d4ff3f', 'f0a7bdab-a24c-598e-431c-8cfeeba59de9', 'absent', 'Out of town', '2026-05-21T19:00:00Z'),
  ('1b5afb68-227e-5997-a166-3ba4751ea052', 'acdba93a-bd1f-5129-155c-6487139821dd', 'f0a7bdab-a24c-598e-431c-8cfeeba59de9', 'absent', 'Out of town', '2026-05-23T19:00:00Z'),
  ('481f495e-3220-53b6-6d7d-9596b9575eff', 'd2b2874f-0cd2-57b6-1157-154faf3e6c6f', '475a6879-e346-5b9e-ffea-67300bbc6e6f', 'present', NULL, '2026-04-04T19:00:00Z'),
  ('13933d6b-0219-5089-d63f-fc90f80f73a4', '4609ac37-c4e7-54c9-fd97-f5908d8f145e', '475a6879-e346-5b9e-ffea-67300bbc6e6f', 'present', NULL, '2026-04-09T19:00:00Z'),
  ('bc906b39-2fd3-52af-c89b-fc59f5c75ad2', '3d28a3c1-0815-5f4c-731d-07e15d974b9d', '475a6879-e346-5b9e-ffea-67300bbc6e6f', 'present', NULL, '2026-04-11T19:00:00Z'),
  ('cc1863bb-93cd-54b0-0d77-b8e8867d3850', 'c605e5a2-c54b-5a9c-ce5c-c44aa1f2ea67', '475a6879-e346-5b9e-ffea-67300bbc6e6f', 'absent', 'Audition', '2026-04-16T19:00:00Z'),
  ('90fa5e76-9dea-5acb-72aa-bce5373b9cc2', 'bc02d468-115f-57e3-3817-e376179c5260', '475a6879-e346-5b9e-ffea-67300bbc6e6f', 'absent', 'Conflict', '2026-04-18T19:00:00Z'),
  ('2bb9af00-b01d-5e49-5cd7-69bbbef0288a', '0687c750-ed60-559c-d61b-fd8f9294cd54', '475a6879-e346-5b9e-ffea-67300bbc6e6f', 'present', NULL, '2026-04-23T19:00:00Z'),
  ('5d4fc163-1a3d-5fb5-5df8-c6f193e3115d', 'a47bdf83-2657-50ae-de3f-79de008a5a36', '475a6879-e346-5b9e-ffea-67300bbc6e6f', 'absent', 'Band', '2026-04-25T19:00:00Z'),
  ('8da59e46-17f1-5387-1a07-6e83094bf3a3', '182f82f8-9752-5ac8-bfc4-b82d560907f5', '475a6879-e346-5b9e-ffea-67300bbc6e6f', 'present', NULL, '2026-04-30T19:00:00Z'),
  ('2bbb7297-c2b6-5534-94fd-f2b241caca5d', '744c46ea-b21c-590d-5720-e71ab36aca00', '475a6879-e346-5b9e-ffea-67300bbc6e6f', 'absent', 'Sick', '2026-05-02T19:00:00Z'),
  ('d7618a8c-8754-5751-4c69-c3f2a80f00e8', '901d8b40-3193-5efc-df4e-90a8ea07e003', '475a6879-e346-5b9e-ffea-67300bbc6e6f', 'absent', 'Sick', '2026-05-07T19:00:00Z'),
  ('57e9178f-3ef7-55c8-2a5f-c6ba021e28a7', '91e8fef8-130a-53a2-78fc-936d59c86b9e', '475a6879-e346-5b9e-ffea-67300bbc6e6f', 'present', NULL, '2026-05-09T19:00:00Z'),
  ('02b4ec76-5211-5a6d-ef83-db22b26fb4c2', 'b0d399e4-26eb-5aac-dd6f-a8c1a2584b9a', '475a6879-e346-5b9e-ffea-67300bbc6e6f', 'absent', 'Conflict', '2026-05-14T19:00:00Z'),
  ('02b15ab2-0f3e-5fbb-b184-40c664c1194d', '6fd80169-cbc8-5a71-4475-1b55e053f091', '475a6879-e346-5b9e-ffea-67300bbc6e6f', 'absent', 'Conflict', '2026-05-16T19:00:00Z'),
  ('71c80be4-8733-548c-f5cc-36743fea8731', 'd2b2874f-0cd2-57b6-1157-154faf3e6c6f', '6f2914d9-270f-510b-a88b-9768fee15574', 'absent', 'Excused', '2026-04-04T19:00:00Z'),
  ('4c98c976-a476-5331-d918-11e9cd6cf01e', '4609ac37-c4e7-54c9-fd97-f5908d8f145e', '6f2914d9-270f-510b-a88b-9768fee15574', 'absent', 'Excused', '2026-04-09T19:00:00Z'),
  ('b35f66fc-5afc-589a-8903-e973ee7ccc18', '3d28a3c1-0815-5f4c-731d-07e15d974b9d', '6f2914d9-270f-510b-a88b-9768fee15574', 'absent', 'Excused', '2026-04-11T19:00:00Z'),
  ('6e8b35f6-1c66-59e9-f50a-935f3f04b6b2', 'c605e5a2-c54b-5a9c-ce5c-c44aa1f2ea67', '6f2914d9-270f-510b-a88b-9768fee15574', 'present', NULL, '2026-04-16T19:00:00Z'),
  ('e519fa46-351f-5f51-6d82-99fdad604bd5', 'bc02d468-115f-57e3-3817-e376179c5260', '6f2914d9-270f-510b-a88b-9768fee15574', 'present', NULL, '2026-04-18T19:00:00Z'),
  ('2f7aa734-ab33-5cb6-0f94-881b5b46174e', '0687c750-ed60-559c-d61b-fd8f9294cd54', '6f2914d9-270f-510b-a88b-9768fee15574', 'present', NULL, '2026-04-23T19:00:00Z'),
  ('80848502-ab4e-5a12-a598-59111acc216a', 'a47bdf83-2657-50ae-de3f-79de008a5a36', '6f2914d9-270f-510b-a88b-9768fee15574', 'absent', 'Band', '2026-04-25T19:00:00Z'),
  ('2a11aac1-cb69-515f-6f46-d6569469ba22', '182f82f8-9752-5ac8-bfc4-b82d560907f5', '6f2914d9-270f-510b-a88b-9768fee15574', 'absent', 'Injury', '2026-04-30T19:00:00Z'),
  ('359d9747-9c27-5993-af8b-507f32ffd3f5', '744c46ea-b21c-590d-5720-e71ab36aca00', '6f2914d9-270f-510b-a88b-9768fee15574', 'present', NULL, '2026-05-02T19:00:00Z'),
  ('8c2a21d1-17b1-56b3-d6b1-dcf100debad3', '901d8b40-3193-5efc-df4e-90a8ea07e003', '6f2914d9-270f-510b-a88b-9768fee15574', 'absent', 'Sick', '2026-05-07T19:00:00Z'),
  ('fa4beaaf-c8ef-5b77-85a5-6d63ea61fa68', '91e8fef8-130a-53a2-78fc-936d59c86b9e', '6f2914d9-270f-510b-a88b-9768fee15574', 'absent', 'Band', '2026-05-09T19:00:00Z'),
  ('864b0693-334a-5a14-a332-68e56cda499c', 'b0d399e4-26eb-5aac-dd6f-a8c1a2584b9a', '6f2914d9-270f-510b-a88b-9768fee15574', 'present', NULL, '2026-05-14T19:00:00Z'),
  ('6f88fa37-3f5c-58dd-dfc7-8f1a4bfaa3c2', '6fd80169-cbc8-5a71-4475-1b55e053f091', '6f2914d9-270f-510b-a88b-9768fee15574', 'present', NULL, '2026-05-16T19:00:00Z'),
  ('83ed07eb-ab7a-5552-4665-5b894baaabde', 'd2b2874f-0cd2-57b6-1157-154faf3e6c6f', '4fc2e509-79a5-587b-a393-e03f45c3d683', 'present', NULL, '2026-04-04T19:00:00Z'),
  ('ff078621-847f-5be7-0c26-154343001403', '4609ac37-c4e7-54c9-fd97-f5908d8f145e', '4fc2e509-79a5-587b-a393-e03f45c3d683', 'present', NULL, '2026-04-09T19:00:00Z'),
  ('a4642b8c-822e-50b2-1da4-793ccbf4f392', '3d28a3c1-0815-5f4c-731d-07e15d974b9d', '4fc2e509-79a5-587b-a393-e03f45c3d683', 'absent', 'Sick', '2026-04-11T19:00:00Z'),
  ('eea35153-5f83-5b68-ffb6-18790e09ee7a', 'c605e5a2-c54b-5a9c-ce5c-c44aa1f2ea67', '4fc2e509-79a5-587b-a393-e03f45c3d683', 'absent', 'Out of town', '2026-04-16T19:00:00Z'),
  ('e7a20a77-9869-5b6a-40d6-00a92a8a51ef', 'bc02d468-115f-57e3-3817-e376179c5260', '4fc2e509-79a5-587b-a393-e03f45c3d683', 'absent', 'Out of town', '2026-04-18T19:00:00Z'),
  ('2c0d37d2-acb2-55bb-bef6-e6317f7df652', '0687c750-ed60-559c-d61b-fd8f9294cd54', '4fc2e509-79a5-587b-a393-e03f45c3d683', 'present', NULL, '2026-04-23T19:00:00Z'),
  ('b41bc3b1-9689-56f0-c3b1-4130f4381d39', 'a47bdf83-2657-50ae-de3f-79de008a5a36', '4fc2e509-79a5-587b-a393-e03f45c3d683', 'absent', 'Band', '2026-04-25T19:00:00Z'),
  ('53604fe3-63ad-5d56-7c9b-101abd3c51ab', '182f82f8-9752-5ac8-bfc4-b82d560907f5', '4fc2e509-79a5-587b-a393-e03f45c3d683', 'present', NULL, '2026-04-30T19:00:00Z'),
  ('d3268175-4547-5755-824e-e9f5d7f59aa9', '744c46ea-b21c-590d-5720-e71ab36aca00', '4fc2e509-79a5-587b-a393-e03f45c3d683', 'present', NULL, '2026-05-02T19:00:00Z'),
  ('dfaf2680-c2d1-5273-5aa1-566ae2122e9c', '901d8b40-3193-5efc-df4e-90a8ea07e003', '4fc2e509-79a5-587b-a393-e03f45c3d683', 'present', NULL, '2026-05-07T19:00:00Z'),
  ('cf9cbb9d-fefb-5eeb-c498-fccde5c94821', '91e8fef8-130a-53a2-78fc-936d59c86b9e', '4fc2e509-79a5-587b-a393-e03f45c3d683', 'present', NULL, '2026-05-09T19:00:00Z'),
  ('3622858c-2ba6-58ad-21d2-97f97a8b1790', 'b0d399e4-26eb-5aac-dd6f-a8c1a2584b9a', '4fc2e509-79a5-587b-a393-e03f45c3d683', 'late', NULL, '2026-05-14T19:00:00Z'),
  ('1abff862-50aa-5711-896d-d89edf820e82', '6fd80169-cbc8-5a71-4475-1b55e053f091', '4fc2e509-79a5-587b-a393-e03f45c3d683', 'present', NULL, '2026-05-16T19:00:00Z'),
  ('e143d9ee-1c26-5bc3-4df1-5f4fc3aaceea', 'd2b2874f-0cd2-57b6-1157-154faf3e6c6f', '5306c7fe-70d8-541f-9107-1602048730b4', 'absent', 'Excused', '2026-04-04T19:00:00Z'),
  ('e9c96064-940c-50d2-a7f8-b14e43af1235', '4609ac37-c4e7-54c9-fd97-f5908d8f145e', '5306c7fe-70d8-541f-9107-1602048730b4', 'present', NULL, '2026-04-09T19:00:00Z'),
  ('38dcb01c-9cdf-58c8-ed05-6e556ca7cc11', '3d28a3c1-0815-5f4c-731d-07e15d974b9d', '5306c7fe-70d8-541f-9107-1602048730b4', 'present', NULL, '2026-04-11T19:00:00Z'),
  ('3259231e-5eec-5e08-f253-9da185137afb', 'c605e5a2-c54b-5a9c-ce5c-c44aa1f2ea67', '5306c7fe-70d8-541f-9107-1602048730b4', 'present', NULL, '2026-04-16T19:00:00Z'),
  ('1c61e098-9a60-54a4-cef9-7aa1a9ff36ab', 'bc02d468-115f-57e3-3817-e376179c5260', '5306c7fe-70d8-541f-9107-1602048730b4', 'absent', 'Conflict', '2026-04-18T19:00:00Z'),
  ('1282fbf0-8998-52a6-a60d-ea5e7c649463', '0687c750-ed60-559c-d61b-fd8f9294cd54', '5306c7fe-70d8-541f-9107-1602048730b4', 'present', NULL, '2026-04-23T19:00:00Z'),
  ('978e1212-89b9-52ea-a460-996c52f3938d', 'a47bdf83-2657-50ae-de3f-79de008a5a36', '5306c7fe-70d8-541f-9107-1602048730b4', 'present', NULL, '2026-04-25T19:00:00Z'),
  ('69a1d84f-fb18-5faf-ade6-d8732b3d09ee', '182f82f8-9752-5ac8-bfc4-b82d560907f5', '5306c7fe-70d8-541f-9107-1602048730b4', 'present', NULL, '2026-04-30T19:00:00Z'),
  ('1599bfdc-7001-5edb-dd62-c4edeac392ed', '744c46ea-b21c-590d-5720-e71ab36aca00', '5306c7fe-70d8-541f-9107-1602048730b4', 'absent', 'Band', '2026-05-02T19:00:00Z'),
  ('ad75763f-2eea-5396-730f-3daa25abd65b', '901d8b40-3193-5efc-df4e-90a8ea07e003', '5306c7fe-70d8-541f-9107-1602048730b4', 'present', NULL, '2026-05-07T19:00:00Z'),
  ('61c9f389-3e46-5ef9-8764-94d5edbaaab6', '91e8fef8-130a-53a2-78fc-936d59c86b9e', '5306c7fe-70d8-541f-9107-1602048730b4', 'absent', 'Band', '2026-05-09T19:00:00Z'),
  ('0d7cdd94-c8f1-5525-dff9-1d7ec6b54586', 'b0d399e4-26eb-5aac-dd6f-a8c1a2584b9a', '5306c7fe-70d8-541f-9107-1602048730b4', 'present', NULL, '2026-05-14T19:00:00Z'),
  ('e5235e1d-d952-53aa-4ca0-d0c4d2949710', '6fd80169-cbc8-5a71-4475-1b55e053f091', '5306c7fe-70d8-541f-9107-1602048730b4', 'present', NULL, '2026-05-16T19:00:00Z'),
  ('6dd71a55-07c3-5aa1-36e6-44a05230f11b', 'd2b2874f-0cd2-57b6-1157-154faf3e6c6f', '03c9afef-8753-50ba-b877-1ceaa2167677', 'present', NULL, '2026-04-04T19:00:00Z'),
  ('68001d0f-d093-5917-0763-8efd0c2f9dec', '4609ac37-c4e7-54c9-fd97-f5908d8f145e', '03c9afef-8753-50ba-b877-1ceaa2167677', 'absent', 'Work', '2026-04-09T19:00:00Z'),
  ('10a64ad0-6e9b-5610-585c-0abe708bc2c0', '3d28a3c1-0815-5f4c-731d-07e15d974b9d', '03c9afef-8753-50ba-b877-1ceaa2167677', 'absent', 'Conflict', '2026-04-11T19:00:00Z'),
  ('ef9071a6-97eb-55e5-e15e-ff4d61f8c787', 'c605e5a2-c54b-5a9c-ce5c-c44aa1f2ea67', '03c9afef-8753-50ba-b877-1ceaa2167677', 'absent', 'Work', '2026-04-16T19:00:00Z'),
  ('9f0a4428-4725-55fb-d1be-74870effc6d6', 'bc02d468-115f-57e3-3817-e376179c5260', '03c9afef-8753-50ba-b877-1ceaa2167677', 'absent', 'Conflict', '2026-04-18T19:00:00Z'),
  ('d7daa3aa-3bf6-5bc2-80b8-0fbc016c9c78', '0687c750-ed60-559c-d61b-fd8f9294cd54', '03c9afef-8753-50ba-b877-1ceaa2167677', 'absent', 'Work', '2026-04-23T19:00:00Z'),
  ('1beef071-c76a-5435-de06-a67f3d824bec', 'a47bdf83-2657-50ae-de3f-79de008a5a36', '03c9afef-8753-50ba-b877-1ceaa2167677', 'present', NULL, '2026-04-25T19:00:00Z'),
  ('cfaab69c-a9e7-5398-269c-d6ccec3e6862', '182f82f8-9752-5ac8-bfc4-b82d560907f5', '03c9afef-8753-50ba-b877-1ceaa2167677', 'absent', 'Work', '2026-04-30T19:00:00Z'),
  ('c3dfc70c-b33f-5f5d-fd35-2f9beaa5147f', '744c46ea-b21c-590d-5720-e71ab36aca00', '03c9afef-8753-50ba-b877-1ceaa2167677', 'present', NULL, '2026-05-02T19:00:00Z'),
  ('9be7bd81-03d7-58ab-e433-60fb839a9089', '901d8b40-3193-5efc-df4e-90a8ea07e003', '03c9afef-8753-50ba-b877-1ceaa2167677', 'absent', 'Work', '2026-05-07T19:00:00Z'),
  ('7a95f84f-1de0-5161-a68f-294c1458cc43', '91e8fef8-130a-53a2-78fc-936d59c86b9e', '03c9afef-8753-50ba-b877-1ceaa2167677', 'absent', 'Band', '2026-05-09T19:00:00Z'),
  ('9df565e3-def3-5d0d-ab51-31682256b754', 'b0d399e4-26eb-5aac-dd6f-a8c1a2584b9a', '03c9afef-8753-50ba-b877-1ceaa2167677', 'absent', 'Work', '2026-05-14T19:00:00Z'),
  ('eebf38cd-11cd-5a61-4454-32ad1e66798a', '6fd80169-cbc8-5a71-4475-1b55e053f091', '03c9afef-8753-50ba-b877-1ceaa2167677', 'absent', NULL, '2026-05-16T19:00:00Z'),
  ('4f0cdfcd-3d01-55b9-f92d-5d76de451670', 'd2b2874f-0cd2-57b6-1157-154faf3e6c6f', 'fc4b8a60-ca0d-5b53-f312-13f1a129ed2f', 'present', NULL, '2026-04-04T19:00:00Z'),
  ('005e68b4-b6e7-533f-fa06-e788427ff0f1', '4609ac37-c4e7-54c9-fd97-f5908d8f145e', 'fc4b8a60-ca0d-5b53-f312-13f1a129ed2f', 'present', NULL, '2026-04-09T19:00:00Z'),
  ('e78c2721-8115-51e7-74ea-ac79f6a221dd', 'd2b2874f-0cd2-57b6-1157-154faf3e6c6f', 'd6520b1e-0d0b-5c87-f0ee-2899c2fecdde', 'present', NULL, '2026-04-04T19:00:00Z'),
  ('d61e75bd-6a6c-51fa-23ea-ea87be36d0d2', '4609ac37-c4e7-54c9-fd97-f5908d8f145e', 'd6520b1e-0d0b-5c87-f0ee-2899c2fecdde', 'present', NULL, '2026-04-09T19:00:00Z'),
  ('afd161c0-033f-5428-6407-53b399f0f321', '3d28a3c1-0815-5f4c-731d-07e15d974b9d', 'd6520b1e-0d0b-5c87-f0ee-2899c2fecdde', 'present', NULL, '2026-04-11T19:00:00Z'),
  ('62a8e568-6232-542e-1350-8f763cac50c4', 'c605e5a2-c54b-5a9c-ce5c-c44aa1f2ea67', 'd6520b1e-0d0b-5c87-f0ee-2899c2fecdde', 'absent', 'Audition', '2026-04-16T19:00:00Z'),
  ('bf7962e2-cfe2-5574-d8c3-d68919083c7e', 'bc02d468-115f-57e3-3817-e376179c5260', 'd6520b1e-0d0b-5c87-f0ee-2899c2fecdde', 'absent', 'Conflict', '2026-04-18T19:00:00Z'),
  ('32593629-207a-5d24-f73f-e33cd1023902', '0687c750-ed60-559c-d61b-fd8f9294cd54', 'd6520b1e-0d0b-5c87-f0ee-2899c2fecdde', 'present', NULL, '2026-04-23T19:00:00Z'),
  ('18a734eb-abe0-528a-3a82-8d472903279b', 'a47bdf83-2657-50ae-de3f-79de008a5a36', 'd6520b1e-0d0b-5c87-f0ee-2899c2fecdde', 'absent', 'Out of town', '2026-04-25T19:00:00Z'),
  ('0b8aefc0-a680-59fa-2e71-9d8ee56ca953', '182f82f8-9752-5ac8-bfc4-b82d560907f5', 'd6520b1e-0d0b-5c87-f0ee-2899c2fecdde', 'present', NULL, '2026-04-30T19:00:00Z'),
  ('cad5e277-41f3-5d3d-d632-91f7b946a593', '744c46ea-b21c-590d-5720-e71ab36aca00', 'd6520b1e-0d0b-5c87-f0ee-2899c2fecdde', 'present', NULL, '2026-05-02T19:00:00Z'),
  ('bda3252f-47ff-5e42-517a-1a7094f56d43', '901d8b40-3193-5efc-df4e-90a8ea07e003', 'd6520b1e-0d0b-5c87-f0ee-2899c2fecdde', 'present', NULL, '2026-05-07T19:00:00Z'),
  ('475c30d1-a080-5d7d-2cce-50ce893d1c47', '91e8fef8-130a-53a2-78fc-936d59c86b9e', 'd6520b1e-0d0b-5c87-f0ee-2899c2fecdde', 'absent', 'Band', '2026-05-09T19:00:00Z'),
  ('64af732c-63ca-5889-550d-1e2a78655e3a', 'b0d399e4-26eb-5aac-dd6f-a8c1a2584b9a', 'd6520b1e-0d0b-5c87-f0ee-2899c2fecdde', 'present', NULL, '2026-05-14T19:00:00Z'),
  ('449d975d-d4cf-5e5d-26a4-1ed65a20e789', '6fd80169-cbc8-5a71-4475-1b55e053f091', 'd6520b1e-0d0b-5c87-f0ee-2899c2fecdde', 'absent', NULL, '2026-05-16T19:00:00Z'),
  ('236728e3-1ae4-5c98-34d4-132296cb2a1e', 'd2b2874f-0cd2-57b6-1157-154faf3e6c6f', '4a311090-d214-53eb-74d9-fa975494c9f2', 'present', NULL, '2026-04-04T19:00:00Z'),
  ('40ace37c-59b9-5d89-1548-9eda58cbbe10', '4609ac37-c4e7-54c9-fd97-f5908d8f145e', '4a311090-d214-53eb-74d9-fa975494c9f2', 'present', NULL, '2026-04-09T19:00:00Z'),
  ('345947dd-fe50-5350-1e62-8cd62a448bbc', '3d28a3c1-0815-5f4c-731d-07e15d974b9d', '4a311090-d214-53eb-74d9-fa975494c9f2', 'present', NULL, '2026-04-11T19:00:00Z'),
  ('a441d521-7ef7-5d70-fc89-20ce49556b9e', 'c605e5a2-c54b-5a9c-ce5c-c44aa1f2ea67', '4a311090-d214-53eb-74d9-fa975494c9f2', 'present', NULL, '2026-04-16T19:00:00Z'),
  ('a6237e02-2bb1-5a66-a57a-f056aa52ead0', 'bc02d468-115f-57e3-3817-e376179c5260', '4a311090-d214-53eb-74d9-fa975494c9f2', 'absent', 'Conflict', '2026-04-18T19:00:00Z'),
  ('09abd31b-8733-51c0-c4db-bba57aacae58', '0687c750-ed60-559c-d61b-fd8f9294cd54', '4a311090-d214-53eb-74d9-fa975494c9f2', 'present', NULL, '2026-04-23T19:00:00Z'),
  ('f790b088-4a6b-58cb-ef19-ab68ed842f5e', 'a47bdf83-2657-50ae-de3f-79de008a5a36', '4a311090-d214-53eb-74d9-fa975494c9f2', 'present', NULL, '2026-04-25T19:00:00Z'),
  ('31693242-e4ba-5e33-d8d6-5db78d7937e9', '182f82f8-9752-5ac8-bfc4-b82d560907f5', '4a311090-d214-53eb-74d9-fa975494c9f2', 'present', NULL, '2026-04-30T19:00:00Z'),
  ('036d486f-35a3-5bd5-7297-ed5faa83a4b8', '744c46ea-b21c-590d-5720-e71ab36aca00', '4a311090-d214-53eb-74d9-fa975494c9f2', 'absent', 'Band', '2026-05-02T19:00:00Z'),
  ('6c7b05fa-7755-518f-3258-4467c9a5ad0e', '901d8b40-3193-5efc-df4e-90a8ea07e003', '4a311090-d214-53eb-74d9-fa975494c9f2', 'present', NULL, '2026-05-07T19:00:00Z'),
  ('f33fdf8e-76f4-54bb-bdc0-6eab7ce1af9d', '91e8fef8-130a-53a2-78fc-936d59c86b9e', '4a311090-d214-53eb-74d9-fa975494c9f2', 'present', NULL, '2026-05-09T19:00:00Z'),
  ('83e262df-ac2d-5d26-0e97-2a36496ca7a0', 'b0d399e4-26eb-5aac-dd6f-a8c1a2584b9a', '4a311090-d214-53eb-74d9-fa975494c9f2', 'present', NULL, '2026-05-14T19:00:00Z'),
  ('a4c6ad88-06d5-5451-3934-147d37d8552d', '6fd80169-cbc8-5a71-4475-1b55e053f091', '4a311090-d214-53eb-74d9-fa975494c9f2', 'absent', NULL, '2026-05-16T19:00:00Z'),
  ('0bad6f09-51b6-5291-4fd3-d49152160170', 'd2b2874f-0cd2-57b6-1157-154faf3e6c6f', '60dd7a04-2835-5516-e132-8ee4faab7d5b', 'present', NULL, '2026-04-04T19:00:00Z'),
  ('5093a252-1a05-5933-42fb-142501870907', '4609ac37-c4e7-54c9-fd97-f5908d8f145e', '60dd7a04-2835-5516-e132-8ee4faab7d5b', 'present', NULL, '2026-04-09T19:00:00Z'),
  ('1bc7b2c4-6469-5561-f816-9cc841b081ec', '3d28a3c1-0815-5f4c-731d-07e15d974b9d', '60dd7a04-2835-5516-e132-8ee4faab7d5b', 'present', NULL, '2026-04-11T19:00:00Z'),
  ('57b55983-9d3a-54c5-1bce-bab219ddc7f8', 'c605e5a2-c54b-5a9c-ce5c-c44aa1f2ea67', '60dd7a04-2835-5516-e132-8ee4faab7d5b', 'present', NULL, '2026-04-16T19:00:00Z'),
  ('77b0367a-a43b-515f-ce60-3494e47b4640', 'bc02d468-115f-57e3-3817-e376179c5260', '60dd7a04-2835-5516-e132-8ee4faab7d5b', 'present', NULL, '2026-04-18T19:00:00Z'),
  ('72671621-89fd-5cdd-fe5a-8e8048e5de97', '0687c750-ed60-559c-d61b-fd8f9294cd54', '60dd7a04-2835-5516-e132-8ee4faab7d5b', 'present', NULL, '2026-04-23T19:00:00Z'),
  ('ca0de8c0-f230-5e02-464e-6f679a808c67', 'a47bdf83-2657-50ae-de3f-79de008a5a36', '60dd7a04-2835-5516-e132-8ee4faab7d5b', 'present', NULL, '2026-04-25T19:00:00Z'),
  ('f7eae3f6-46b3-5a1f-ae5c-099381ab4d7c', '182f82f8-9752-5ac8-bfc4-b82d560907f5', '60dd7a04-2835-5516-e132-8ee4faab7d5b', 'present', NULL, '2026-04-30T19:00:00Z'),
  ('fd9a50ad-eb21-5c93-3990-146d0bf75586', '744c46ea-b21c-590d-5720-e71ab36aca00', '60dd7a04-2835-5516-e132-8ee4faab7d5b', 'present', NULL, '2026-05-02T19:00:00Z'),
  ('238755a8-411c-5729-7087-344be5ae6113', '901d8b40-3193-5efc-df4e-90a8ea07e003', '60dd7a04-2835-5516-e132-8ee4faab7d5b', 'present', NULL, '2026-05-07T19:00:00Z'),
  ('c1bfa27c-3df7-589a-9272-0e51f1297e53', '91e8fef8-130a-53a2-78fc-936d59c86b9e', '60dd7a04-2835-5516-e132-8ee4faab7d5b', 'present', NULL, '2026-05-09T19:00:00Z'),
  ('d0e4d162-6364-500d-c77b-d3d32281632a', 'b0d399e4-26eb-5aac-dd6f-a8c1a2584b9a', '60dd7a04-2835-5516-e132-8ee4faab7d5b', 'late', 'Work', '2026-05-14T19:00:00Z'),
  ('1317af14-6191-55f7-4da1-c7c1db99c004', '6fd80169-cbc8-5a71-4475-1b55e053f091', '60dd7a04-2835-5516-e132-8ee4faab7d5b', 'absent', NULL, '2026-05-16T19:00:00Z'),
  ('c706babe-4447-523a-891f-54f39c126ba2', 'd2b2874f-0cd2-57b6-1157-154faf3e6c6f', 'e8be6f00-7fec-5cd0-9699-fb8cf5d3b009', 'present', NULL, '2026-04-04T19:00:00Z'),
  ('53ecbf9d-c27e-5d04-a0ec-36ac02ba4303', '4609ac37-c4e7-54c9-fd97-f5908d8f145e', 'e8be6f00-7fec-5cd0-9699-fb8cf5d3b009', 'present', NULL, '2026-04-09T19:00:00Z'),
  ('0ef79533-3f11-5c81-93ff-8f0e00db57b0', '3d28a3c1-0815-5f4c-731d-07e15d974b9d', 'e8be6f00-7fec-5cd0-9699-fb8cf5d3b009', 'late', 'Traffic', '2026-04-11T19:00:00Z'),
  ('1284f42d-7ec4-5168-19c6-035c9f0a2ab2', 'c605e5a2-c54b-5a9c-ce5c-c44aa1f2ea67', 'e8be6f00-7fec-5cd0-9699-fb8cf5d3b009', 'present', NULL, '2026-04-16T19:00:00Z'),
  ('a93c0892-ed20-5a6d-5088-98a34ec0c6b9', 'bc02d468-115f-57e3-3817-e376179c5260', 'e8be6f00-7fec-5cd0-9699-fb8cf5d3b009', 'late', 'Emergency', '2026-04-18T19:00:00Z'),
  ('f7d6266e-6f08-5048-7986-c6662e5e7569', '0687c750-ed60-559c-d61b-fd8f9294cd54', 'e8be6f00-7fec-5cd0-9699-fb8cf5d3b009', 'present', NULL, '2026-04-23T19:00:00Z'),
  ('cb942502-369c-5d7f-ebec-1f9bebfaeefd', 'a47bdf83-2657-50ae-de3f-79de008a5a36', 'e8be6f00-7fec-5cd0-9699-fb8cf5d3b009', 'present', NULL, '2026-04-25T19:00:00Z'),
  ('6c642fd4-4e18-5137-31eb-5ab14b7443db', '182f82f8-9752-5ac8-bfc4-b82d560907f5', 'e8be6f00-7fec-5cd0-9699-fb8cf5d3b009', 'absent', 'Band', '2026-04-30T19:00:00Z'),
  ('4c4f220a-829d-5f57-be7c-ed1e73cf13a3', '744c46ea-b21c-590d-5720-e71ab36aca00', 'e8be6f00-7fec-5cd0-9699-fb8cf5d3b009', 'absent', 'Band', '2026-05-02T19:00:00Z'),
  ('73acfbe4-0e98-57aa-6096-9d9f46d19300', '901d8b40-3193-5efc-df4e-90a8ea07e003', 'e8be6f00-7fec-5cd0-9699-fb8cf5d3b009', 'present', NULL, '2026-05-07T19:00:00Z'),
  ('35e0eb6e-9d70-54b9-5359-951974b235e1', '91e8fef8-130a-53a2-78fc-936d59c86b9e', 'e8be6f00-7fec-5cd0-9699-fb8cf5d3b009', 'late', 'Band', '2026-05-09T19:00:00Z'),
  ('abb9de4a-d7aa-56c0-f1b2-7d529db1e7cd', 'b0d399e4-26eb-5aac-dd6f-a8c1a2584b9a', 'e8be6f00-7fec-5cd0-9699-fb8cf5d3b009', 'late', 'Time change', '2026-05-14T19:00:00Z'),
  ('787b45ec-ddb4-5881-bff6-11d44cd9655d', '6fd80169-cbc8-5a71-4475-1b55e053f091', 'e8be6f00-7fec-5cd0-9699-fb8cf5d3b009', 'present', NULL, '2026-05-16T19:00:00Z'),
  ('c963054a-1c82-5d58-b9d0-d607f51164ce', 'd2b2874f-0cd2-57b6-1157-154faf3e6c6f', '8dc2c846-a02c-5e2f-6301-02391c642b88', 'absent', NULL, '2026-04-04T19:00:00Z'),
  ('07fffa59-e95c-56ff-1e8a-344469562e4e', '4609ac37-c4e7-54c9-fd97-f5908d8f145e', '8dc2c846-a02c-5e2f-6301-02391c642b88', 'absent', NULL, '2026-04-09T19:00:00Z'),
  ('c23dd5c9-716a-5710-9b64-e33356d6fdf1', '3d28a3c1-0815-5f4c-731d-07e15d974b9d', '8dc2c846-a02c-5e2f-6301-02391c642b88', 'present', NULL, '2026-04-11T19:00:00Z'),
  ('697c0359-228e-597b-41db-6744b9f99aac', 'c605e5a2-c54b-5a9c-ce5c-c44aa1f2ea67', '8dc2c846-a02c-5e2f-6301-02391c642b88', 'present', NULL, '2026-04-16T19:00:00Z'),
  ('405022ed-929a-57ea-af01-f8a583c2bcb1', 'bc02d468-115f-57e3-3817-e376179c5260', '8dc2c846-a02c-5e2f-6301-02391c642b88', 'absent', 'Band', '2026-04-18T19:00:00Z'),
  ('c51401cb-bfc1-5b90-ae1e-208fc1b057c6', '0687c750-ed60-559c-d61b-fd8f9294cd54', '8dc2c846-a02c-5e2f-6301-02391c642b88', 'present', NULL, '2026-04-23T19:00:00Z'),
  ('902194ec-60e1-5ca6-4841-6c8727b95c3e', 'a47bdf83-2657-50ae-de3f-79de008a5a36', '8dc2c846-a02c-5e2f-6301-02391c642b88', 'present', NULL, '2026-04-25T19:00:00Z'),
  ('fe7266de-d27d-578c-6baa-9ff59ad52918', '182f82f8-9752-5ac8-bfc4-b82d560907f5', '8dc2c846-a02c-5e2f-6301-02391c642b88', 'absent', 'Band', '2026-04-30T19:00:00Z'),
  ('c4830083-9020-5792-34cc-f8a4c5f9dcb2', '744c46ea-b21c-590d-5720-e71ab36aca00', '8dc2c846-a02c-5e2f-6301-02391c642b88', 'present', NULL, '2026-05-02T19:00:00Z'),
  ('b529329b-85f2-554b-33f3-c07c31c9358d', '901d8b40-3193-5efc-df4e-90a8ea07e003', '8dc2c846-a02c-5e2f-6301-02391c642b88', 'absent', NULL, '2026-05-07T19:00:00Z'),
  ('73d2b782-7dc1-5a59-2a36-a5554f2ae316', '91e8fef8-130a-53a2-78fc-936d59c86b9e', '8dc2c846-a02c-5e2f-6301-02391c642b88', 'absent', NULL, '2026-05-09T19:00:00Z'),
  ('fd0e17a0-8b76-5c2c-1828-4561c27e06dc', 'b0d399e4-26eb-5aac-dd6f-a8c1a2584b9a', '8dc2c846-a02c-5e2f-6301-02391c642b88', 'absent', 'Band', '2026-05-14T19:00:00Z'),
  ('8e463c71-e42e-5a4b-ba60-13e8ada04ef2', '6fd80169-cbc8-5a71-4475-1b55e053f091', '8dc2c846-a02c-5e2f-6301-02391c642b88', 'absent', NULL, '2026-05-16T19:00:00Z'),
  ('033bb7d8-3364-5c2c-8d20-970c984f445a', 'd2b2874f-0cd2-57b6-1157-154faf3e6c6f', 'e5dd9798-946b-5143-85dd-2410f474d1e6', 'present', NULL, '2026-04-04T19:00:00Z'),
  ('51a60893-77e6-5902-2681-1e5bad185376', '4609ac37-c4e7-54c9-fd97-f5908d8f145e', 'e5dd9798-946b-5143-85dd-2410f474d1e6', 'late', 'Messaged', '2026-04-09T19:00:00Z'),
  ('2ffdf699-fdf4-5040-a76c-cf89db9b1f32', '3d28a3c1-0815-5f4c-731d-07e15d974b9d', 'e5dd9798-946b-5143-85dd-2410f474d1e6', 'absent', 'Band', '2026-04-11T19:00:00Z'),
  ('262c9ee2-57e0-5191-202c-37d8e19afb53', 'c605e5a2-c54b-5a9c-ce5c-c44aa1f2ea67', 'e5dd9798-946b-5143-85dd-2410f474d1e6', 'absent', 'Out of town', '2026-04-16T19:00:00Z'),
  ('7e6b211f-ff4e-585e-8f91-141128060998', 'bc02d468-115f-57e3-3817-e376179c5260', 'e5dd9798-946b-5143-85dd-2410f474d1e6', 'absent', 'Out of town', '2026-04-18T19:00:00Z'),
  ('3245e4f1-794e-5b1f-3ea2-ba46c188ea00', '0687c750-ed60-559c-d61b-fd8f9294cd54', 'e5dd9798-946b-5143-85dd-2410f474d1e6', 'present', NULL, '2026-04-23T19:00:00Z'),
  ('7e8d6a93-6d48-5ded-c94f-688ec9b761de', 'a47bdf83-2657-50ae-de3f-79de008a5a36', 'e5dd9798-946b-5143-85dd-2410f474d1e6', 'present', NULL, '2026-04-25T19:00:00Z'),
  ('67dc14b0-bda3-5a49-fe5c-eb7c2f46b9a6', '182f82f8-9752-5ac8-bfc4-b82d560907f5', 'e5dd9798-946b-5143-85dd-2410f474d1e6', 'present', NULL, '2026-04-30T19:00:00Z'),
  ('624830f3-71da-5bd7-fd11-a45e1e159c41', '744c46ea-b21c-590d-5720-e71ab36aca00', 'e5dd9798-946b-5143-85dd-2410f474d1e6', 'present', NULL, '2026-05-02T19:00:00Z'),
  ('92f0808e-4644-56ea-23d2-73672b78dcef', '901d8b40-3193-5efc-df4e-90a8ea07e003', 'e5dd9798-946b-5143-85dd-2410f474d1e6', 'absent', 'Out of town', '2026-05-07T19:00:00Z'),
  ('b8a4178f-be58-5817-3ec8-5efbe2a65b73', '91e8fef8-130a-53a2-78fc-936d59c86b9e', 'e5dd9798-946b-5143-85dd-2410f474d1e6', 'absent', 'Out of town', '2026-05-09T19:00:00Z'),
  ('94d5857f-499b-53f0-2e35-de9769755550', 'b0d399e4-26eb-5aac-dd6f-a8c1a2584b9a', 'e5dd9798-946b-5143-85dd-2410f474d1e6', 'absent', 'Out of town', '2026-05-14T19:00:00Z'),
  ('19683356-df5e-537f-74a4-5e20eabaf264', '6fd80169-cbc8-5a71-4475-1b55e053f091', 'e5dd9798-946b-5143-85dd-2410f474d1e6', 'absent', 'Out of town', '2026-05-16T19:00:00Z'),
  ('af142885-1af1-5bac-f3e4-ed32ae73925d', '3f46a8e9-1af6-5ea0-e138-94be9196608c', 'e5dd9798-946b-5143-85dd-2410f474d1e6', 'absent', 'Out of town', '2026-05-30T19:00:00Z'),
  ('8691fa17-5cb4-5e97-7623-04858b603f10', '6c438530-2127-5f69-5f02-7fdbe9d87fc3', 'e5dd9798-946b-5143-85dd-2410f474d1e6', 'absent', 'Out of town', '2026-06-04T19:00:00Z'),
  ('2da7e3a7-7005-575c-d163-6aa6e14e5ff5', 'f4d0561a-5a93-559d-e743-1a5ea4bc6c6e', 'e5dd9798-946b-5143-85dd-2410f474d1e6', 'absent', 'Out of town', '2026-06-06T19:00:00Z'),
  ('621adf52-c01e-5761-8e01-98df026031b2', 'd2b2874f-0cd2-57b6-1157-154faf3e6c6f', '4a7cf4d9-c8b8-5c5d-7f14-bcfea7edfe2d', 'present', NULL, '2026-04-04T19:00:00Z'),
  ('660e8bcf-f9b3-5c63-6422-f8ffb6c98060', '4609ac37-c4e7-54c9-fd97-f5908d8f145e', '4a7cf4d9-c8b8-5c5d-7f14-bcfea7edfe2d', 'present', NULL, '2026-04-09T19:00:00Z'),
  ('11a2df28-74f5-50ea-ea29-73e43ae19c8e', '3d28a3c1-0815-5f4c-731d-07e15d974b9d', '4a7cf4d9-c8b8-5c5d-7f14-bcfea7edfe2d', 'absent', 'Battle', '2026-04-11T19:00:00Z'),
  ('07d1a8f4-0527-53e9-b957-e54092ae337c', 'c605e5a2-c54b-5a9c-ce5c-c44aa1f2ea67', '4a7cf4d9-c8b8-5c5d-7f14-bcfea7edfe2d', 'present', NULL, '2026-04-16T19:00:00Z'),
  ('8b47c553-8263-59d7-a377-fc40fe2f1dae', 'bc02d468-115f-57e3-3817-e376179c5260', '4a7cf4d9-c8b8-5c5d-7f14-bcfea7edfe2d', 'late', 'Rode w/ Tati', '2026-04-18T19:00:00Z'),
  ('d7681754-2e3b-5e71-8f75-85b1c7cc6632', '0687c750-ed60-559c-d61b-fd8f9294cd54', '4a7cf4d9-c8b8-5c5d-7f14-bcfea7edfe2d', 'present', NULL, '2026-04-23T19:00:00Z'),
  ('6646d57b-22bb-562b-eee7-2e7f6f6c4661', 'a47bdf83-2657-50ae-de3f-79de008a5a36', '4a7cf4d9-c8b8-5c5d-7f14-bcfea7edfe2d', 'present', NULL, '2026-04-25T19:00:00Z'),
  ('36a8edb5-6d0a-54b4-8437-1af4aa05aef5', '182f82f8-9752-5ac8-bfc4-b82d560907f5', '4a7cf4d9-c8b8-5c5d-7f14-bcfea7edfe2d', 'absent', NULL, '2026-04-30T19:00:00Z'),
  ('616344bf-efa6-58f1-8331-e3bcee910d76', '744c46ea-b21c-590d-5720-e71ab36aca00', '4a7cf4d9-c8b8-5c5d-7f14-bcfea7edfe2d', 'present', NULL, '2026-05-02T19:00:00Z'),
  ('1c675875-6735-56c4-3f11-eb70d3db31ef', '901d8b40-3193-5efc-df4e-90a8ea07e003', '4a7cf4d9-c8b8-5c5d-7f14-bcfea7edfe2d', 'absent', 'Out of town', '2026-05-07T19:00:00Z'),
  ('c7c9af77-296a-5edc-fb95-1ced67411aac', '91e8fef8-130a-53a2-78fc-936d59c86b9e', '4a7cf4d9-c8b8-5c5d-7f14-bcfea7edfe2d', 'absent', 'Out of town', '2026-05-09T19:00:00Z'),
  ('fa8626aa-f86d-5072-ab05-390da81652f8', 'b0d399e4-26eb-5aac-dd6f-a8c1a2584b9a', '4a7cf4d9-c8b8-5c5d-7f14-bcfea7edfe2d', 'absent', 'Sick', '2026-05-14T19:00:00Z'),
  ('c907c4ba-83ef-5d3c-368b-9338d50d48e6', '6fd80169-cbc8-5a71-4475-1b55e053f091', '4a7cf4d9-c8b8-5c5d-7f14-bcfea7edfe2d', 'absent', NULL, '2026-05-16T19:00:00Z'),
  ('53b22aa6-14de-5be6-6392-6f1a761273a6', 'd2b2874f-0cd2-57b6-1157-154faf3e6c6f', 'f3ca7211-2fb6-5364-4c12-541ded78f81c', 'present', NULL, '2026-04-04T19:00:00Z'),
  ('69833bb0-a264-5609-c0a3-1b138b986ab2', '4609ac37-c4e7-54c9-fd97-f5908d8f145e', 'f3ca7211-2fb6-5364-4c12-541ded78f81c', 'late', 'Work', '2026-04-09T19:00:00Z'),
  ('c78862e5-4181-5650-f5a0-925073b5166d', '3d28a3c1-0815-5f4c-731d-07e15d974b9d', 'f3ca7211-2fb6-5364-4c12-541ded78f81c', 'present', NULL, '2026-04-11T19:00:00Z'),
  ('9a035392-5f9a-5209-5a7d-05bf946526fc', 'c605e5a2-c54b-5a9c-ce5c-c44aa1f2ea67', 'f3ca7211-2fb6-5364-4c12-541ded78f81c', 'present', NULL, '2026-04-16T19:00:00Z'),
  ('f6b4c434-2a76-5e06-36f9-8d3ab3510629', 'bc02d468-115f-57e3-3817-e376179c5260', 'f3ca7211-2fb6-5364-4c12-541ded78f81c', 'present', NULL, '2026-04-18T19:00:00Z'),
  ('6f968c1b-89e7-5a54-f26f-18c8655d6b16', '0687c750-ed60-559c-d61b-fd8f9294cd54', 'f3ca7211-2fb6-5364-4c12-541ded78f81c', 'absent', 'Sick', '2026-04-23T19:00:00Z'),
  ('b35f03d7-e5f2-5dbd-6efa-bf9a12a3037c', 'a47bdf83-2657-50ae-de3f-79de008a5a36', 'f3ca7211-2fb6-5364-4c12-541ded78f81c', 'absent', 'Band', '2026-04-25T19:00:00Z'),
  ('45cecc57-a5f5-53da-108d-7f4ef87b264d', '182f82f8-9752-5ac8-bfc4-b82d560907f5', 'f3ca7211-2fb6-5364-4c12-541ded78f81c', 'present', NULL, '2026-04-30T19:00:00Z'),
  ('8aa77d9a-eef5-5bbb-72e7-b8ec8c276284', '744c46ea-b21c-590d-5720-e71ab36aca00', 'f3ca7211-2fb6-5364-4c12-541ded78f81c', 'present', NULL, '2026-05-02T19:00:00Z'),
  ('469c0370-cfe7-5a26-07df-7e29a4bb42c5', '901d8b40-3193-5efc-df4e-90a8ea07e003', 'f3ca7211-2fb6-5364-4c12-541ded78f81c', 'present', NULL, '2026-05-07T19:00:00Z'),
  ('df4fc50c-9771-5b13-2820-a18f8cdf8f0f', '91e8fef8-130a-53a2-78fc-936d59c86b9e', 'f3ca7211-2fb6-5364-4c12-541ded78f81c', 'absent', 'Band', '2026-05-09T19:00:00Z'),
  ('21cda256-cf94-5fef-7b6d-5dc8d866be4a', 'b0d399e4-26eb-5aac-dd6f-a8c1a2584b9a', 'f3ca7211-2fb6-5364-4c12-541ded78f81c', 'late', 'Work', '2026-05-14T19:00:00Z'),
  ('5140fc27-de41-565c-df2f-a85188a9b739', '6fd80169-cbc8-5a71-4475-1b55e053f091', 'f3ca7211-2fb6-5364-4c12-541ded78f81c', 'present', NULL, '2026-05-16T19:00:00Z'),
  ('9f7e4c59-d88a-526b-343a-8b05f03964db', 'd2b2874f-0cd2-57b6-1157-154faf3e6c6f', '96fda450-c1a5-561a-2c7e-ddba8962c1fc', 'present', NULL, '2026-04-04T19:00:00Z'),
  ('ece79e36-8eea-5dba-b0d9-9ad7ad19967f', '4609ac37-c4e7-54c9-fd97-f5908d8f145e', '96fda450-c1a5-561a-2c7e-ddba8962c1fc', 'late', 'Rehearsal', '2026-04-09T19:00:00Z'),
  ('b5bfa295-c532-583a-87a9-c54f5b845db3', '3d28a3c1-0815-5f4c-731d-07e15d974b9d', '96fda450-c1a5-561a-2c7e-ddba8962c1fc', 'present', NULL, '2026-04-11T19:00:00Z'),
  ('9e7dd290-6ae6-591e-9640-fec0bdf31588', 'c605e5a2-c54b-5a9c-ce5c-c44aa1f2ea67', '96fda450-c1a5-561a-2c7e-ddba8962c1fc', 'late', 'Rehearsal', '2026-04-16T19:00:00Z'),
  ('d2060d03-876f-540b-028c-fb8e1eeea90d', 'bc02d468-115f-57e3-3817-e376179c5260', '96fda450-c1a5-561a-2c7e-ddba8962c1fc', 'present', NULL, '2026-04-18T19:00:00Z'),
  ('07f82454-96f1-56c5-241e-b345cc5f6b9f', '0687c750-ed60-559c-d61b-fd8f9294cd54', '96fda450-c1a5-561a-2c7e-ddba8962c1fc', 'present', NULL, '2026-04-23T19:00:00Z'),
  ('2ceb3900-849a-5c77-06f7-be9c407dfdbf', 'a47bdf83-2657-50ae-de3f-79de008a5a36', '96fda450-c1a5-561a-2c7e-ddba8962c1fc', 'present', NULL, '2026-04-25T19:00:00Z'),
  ('29fdcbac-43ef-5641-2c18-76fcf07f2841', '182f82f8-9752-5ac8-bfc4-b82d560907f5', '96fda450-c1a5-561a-2c7e-ddba8962c1fc', 'absent', 'Band', '2026-04-30T19:00:00Z'),
  ('2b5d76d0-a6ae-5025-7265-a30bbd9503ed', '744c46ea-b21c-590d-5720-e71ab36aca00', '96fda450-c1a5-561a-2c7e-ddba8962c1fc', 'present', NULL, '2026-05-02T19:00:00Z'),
  ('c5f19cce-a451-5f76-f1d0-2c48b1758461', '901d8b40-3193-5efc-df4e-90a8ea07e003', '96fda450-c1a5-561a-2c7e-ddba8962c1fc', 'absent', 'Band', '2026-05-07T19:00:00Z'),
  ('ac2d5893-e17e-573a-d34f-d429c37e363a', '91e8fef8-130a-53a2-78fc-936d59c86b9e', '96fda450-c1a5-561a-2c7e-ddba8962c1fc', 'present', NULL, '2026-05-09T19:00:00Z'),
  ('eaf2b8f5-eb3c-5f2d-d1c5-c72b6c5dd3a4', 'b0d399e4-26eb-5aac-dd6f-a8c1a2584b9a', '96fda450-c1a5-561a-2c7e-ddba8962c1fc', 'absent', 'Conflict', '2026-05-14T19:00:00Z'),
  ('b05cb13f-0512-5208-d5c5-0b36fdfb6606', '6fd80169-cbc8-5a71-4475-1b55e053f091', '96fda450-c1a5-561a-2c7e-ddba8962c1fc', 'present', NULL, '2026-05-16T19:00:00Z'),
  ('ab00511c-068a-5cb5-1fa4-01a51c01787a', 'd2b2874f-0cd2-57b6-1157-154faf3e6c6f', 'cab2df27-6b44-5531-0645-e4a6a5e2affa', 'present', NULL, '2026-04-04T19:00:00Z'),
  ('fe1a6ba3-375c-589d-dcdb-6d6a216ef29b', '4609ac37-c4e7-54c9-fd97-f5908d8f145e', 'cab2df27-6b44-5531-0645-e4a6a5e2affa', 'present', NULL, '2026-04-09T19:00:00Z'),
  ('96b751f2-1c7b-5b8b-8343-27027596e555', '3d28a3c1-0815-5f4c-731d-07e15d974b9d', 'cab2df27-6b44-5531-0645-e4a6a5e2affa', 'present', NULL, '2026-04-11T19:00:00Z'),
  ('07ee42b4-0be4-54ce-8a02-5c142738d612', 'c605e5a2-c54b-5a9c-ce5c-c44aa1f2ea67', 'cab2df27-6b44-5531-0645-e4a6a5e2affa', 'present', NULL, '2026-04-16T19:00:00Z'),
  ('1441e95a-a75a-511f-aeec-02cd8a693b3d', 'bc02d468-115f-57e3-3817-e376179c5260', 'cab2df27-6b44-5531-0645-e4a6a5e2affa', 'present', NULL, '2026-04-18T19:00:00Z'),
  ('3ce48830-3581-5833-fac8-7687f20fd2e4', '0687c750-ed60-559c-d61b-fd8f9294cd54', 'cab2df27-6b44-5531-0645-e4a6a5e2affa', 'present', NULL, '2026-04-23T19:00:00Z'),
  ('3b423fad-b70a-50e6-c440-9d233a0f3556', 'a47bdf83-2657-50ae-de3f-79de008a5a36', 'cab2df27-6b44-5531-0645-e4a6a5e2affa', 'present', NULL, '2026-04-25T19:00:00Z'),
  ('2e91570f-be0d-5361-751f-d14d0c737781', '182f82f8-9752-5ac8-bfc4-b82d560907f5', 'cab2df27-6b44-5531-0645-e4a6a5e2affa', 'present', NULL, '2026-04-30T19:00:00Z'),
  ('92be3a03-ce35-541a-71a9-2d4b249d8ed5', '744c46ea-b21c-590d-5720-e71ab36aca00', 'cab2df27-6b44-5531-0645-e4a6a5e2affa', 'present', NULL, '2026-05-02T19:00:00Z'),
  ('c11e8043-2d01-5253-a2cb-a2fa675714f9', '901d8b40-3193-5efc-df4e-90a8ea07e003', 'cab2df27-6b44-5531-0645-e4a6a5e2affa', 'present', NULL, '2026-05-07T19:00:00Z'),
  ('9d8d0868-621e-5135-d9de-e1fbcf15100c', '91e8fef8-130a-53a2-78fc-936d59c86b9e', 'cab2df27-6b44-5531-0645-e4a6a5e2affa', 'present', NULL, '2026-05-09T19:00:00Z'),
  ('be77ba70-7bfb-512a-18ff-0fe8070901bc', 'b0d399e4-26eb-5aac-dd6f-a8c1a2584b9a', 'cab2df27-6b44-5531-0645-e4a6a5e2affa', 'present', NULL, '2026-05-14T19:00:00Z'),
  ('37f11426-795c-5e3d-e45e-d891c5c47ef2', '6fd80169-cbc8-5a71-4475-1b55e053f091', 'cab2df27-6b44-5531-0645-e4a6a5e2affa', 'present', NULL, '2026-05-16T19:00:00Z'),
  ('f39d3805-5bc9-5b3f-f774-ae3063bd98a2', '6dcf6e08-6c08-5096-e573-ba0c88d4ff3f', 'cab2df27-6b44-5531-0645-e4a6a5e2affa', 'absent', 'Out of town', '2026-05-21T19:00:00Z'),
  ('8d5e9f1c-2e6b-5f55-a27a-27077c3ffba1', 'acdba93a-bd1f-5129-155c-6487139821dd', 'cab2df27-6b44-5531-0645-e4a6a5e2affa', 'absent', 'Out of town', '2026-05-23T19:00:00Z'),
  ('f7094483-b87e-54ac-f15c-35232d4fe9a2', '7fe44261-3635-5579-37e3-c4b40f733bc5', 'cab2df27-6b44-5531-0645-e4a6a5e2affa', 'absent', 'Out of town', '2026-05-28T19:00:00Z'),
  ('52be8571-2439-5818-89c5-d949c891149d', '3f46a8e9-1af6-5ea0-e138-94be9196608c', 'cab2df27-6b44-5531-0645-e4a6a5e2affa', 'absent', 'Out of town', '2026-05-30T19:00:00Z'),
  ('11d864a2-890a-5c21-eae6-b049d48c716a', 'd2b2874f-0cd2-57b6-1157-154faf3e6c6f', 'dabf451e-1d58-50fa-a0f2-ad668cf8f606', 'present', NULL, '2026-04-04T19:00:00Z'),
  ('1c3334b2-1100-51a7-3061-1d6f3cabded5', '4609ac37-c4e7-54c9-fd97-f5908d8f145e', 'dabf451e-1d58-50fa-a0f2-ad668cf8f606', 'present', NULL, '2026-04-09T19:00:00Z'),
  ('b27f5b33-8c67-5998-59f9-d9f1b5768af8', '3d28a3c1-0815-5f4c-731d-07e15d974b9d', 'dabf451e-1d58-50fa-a0f2-ad668cf8f606', 'present', NULL, '2026-04-11T19:00:00Z'),
  ('321d739c-5c8d-57a6-0193-4c0d263fe2dc', 'c605e5a2-c54b-5a9c-ce5c-c44aa1f2ea67', 'dabf451e-1d58-50fa-a0f2-ad668cf8f606', 'present', NULL, '2026-04-16T19:00:00Z'),
  ('7a384da0-d67d-5e27-bbe6-63728fe66dea', 'bc02d468-115f-57e3-3817-e376179c5260', 'dabf451e-1d58-50fa-a0f2-ad668cf8f606', 'present', NULL, '2026-04-18T19:00:00Z'),
  ('fdf48118-a8f3-5cfd-71fd-ee7fa4ecf0f4', '0687c750-ed60-559c-d61b-fd8f9294cd54', 'dabf451e-1d58-50fa-a0f2-ad668cf8f606', 'present', NULL, '2026-04-23T19:00:00Z'),
  ('8ba8385a-d695-51f0-5cbc-27976c152d30', 'a47bdf83-2657-50ae-de3f-79de008a5a36', 'dabf451e-1d58-50fa-a0f2-ad668cf8f606', 'absent', 'Band', '2026-04-25T19:00:00Z'),
  ('87e5af19-cbcc-5d82-aa7d-df457c6b7830', '182f82f8-9752-5ac8-bfc4-b82d560907f5', 'dabf451e-1d58-50fa-a0f2-ad668cf8f606', 'absent', 'Sick', '2026-04-30T19:00:00Z'),
  ('3aacbb05-0208-5bce-67f5-7c6d348d877a', '744c46ea-b21c-590d-5720-e71ab36aca00', 'dabf451e-1d58-50fa-a0f2-ad668cf8f606', 'present', NULL, '2026-05-02T19:00:00Z'),
  ('ed8d8704-d2f5-5967-0579-3645479624d4', '901d8b40-3193-5efc-df4e-90a8ea07e003', 'dabf451e-1d58-50fa-a0f2-ad668cf8f606', 'absent', 'Sick', '2026-05-07T19:00:00Z'),
  ('74a6169c-5de7-518f-c0ec-a364deb02fda', '91e8fef8-130a-53a2-78fc-936d59c86b9e', 'dabf451e-1d58-50fa-a0f2-ad668cf8f606', 'present', NULL, '2026-05-09T19:00:00Z'),
  ('86a516a0-fe8d-5d1a-09a2-7024bd25455c', 'b0d399e4-26eb-5aac-dd6f-a8c1a2584b9a', 'dabf451e-1d58-50fa-a0f2-ad668cf8f606', 'present', NULL, '2026-05-14T19:00:00Z'),
  ('49903207-a5a2-5671-8705-79fbe1abaada', '6fd80169-cbc8-5a71-4475-1b55e053f091', 'dabf451e-1d58-50fa-a0f2-ad668cf8f606', 'late', NULL, '2026-05-16T19:00:00Z'),
  ('a8f0d066-322f-57d7-80c6-1571afc4921b', 'd2b2874f-0cd2-57b6-1157-154faf3e6c6f', '814a1045-50c5-5c44-3ffa-5cf66cbbb277', 'present', NULL, '2026-04-04T19:00:00Z'),
  ('a5ee43ce-b072-53e5-d524-2075c0db1af5', '4609ac37-c4e7-54c9-fd97-f5908d8f145e', '814a1045-50c5-5c44-3ffa-5cf66cbbb277', 'present', NULL, '2026-04-09T19:00:00Z'),
  ('a2f0a84f-4c55-53d6-8a8f-38e4cc13d024', '3d28a3c1-0815-5f4c-731d-07e15d974b9d', '814a1045-50c5-5c44-3ffa-5cf66cbbb277', 'present', NULL, '2026-04-11T19:00:00Z'),
  ('b28d3871-a46e-5ea4-c03a-5b1ba8633770', 'c605e5a2-c54b-5a9c-ce5c-c44aa1f2ea67', '814a1045-50c5-5c44-3ffa-5cf66cbbb277', 'present', NULL, '2026-04-16T19:00:00Z'),
  ('77c19e85-8bde-5648-1e26-5ff7e21e7358', 'bc02d468-115f-57e3-3817-e376179c5260', '814a1045-50c5-5c44-3ffa-5cf66cbbb277', 'absent', 'Injury', '2026-04-18T19:00:00Z'),
  ('704d866c-54aa-57f4-a840-494209812768', '0687c750-ed60-559c-d61b-fd8f9294cd54', '814a1045-50c5-5c44-3ffa-5cf66cbbb277', 'present', NULL, '2026-04-23T19:00:00Z'),
  ('26deb6e0-3c50-5fe9-8ca1-9c964fd5c7bd', 'a47bdf83-2657-50ae-de3f-79de008a5a36', '814a1045-50c5-5c44-3ffa-5cf66cbbb277', 'present', NULL, '2026-04-25T19:00:00Z'),
  ('660bf36f-60b6-5f7b-1a09-5c77499bdae1', '182f82f8-9752-5ac8-bfc4-b82d560907f5', '814a1045-50c5-5c44-3ffa-5cf66cbbb277', 'present', NULL, '2026-04-30T19:00:00Z'),
  ('4bd11bb1-b2ee-55a3-ee98-862b35b7ebd4', '744c46ea-b21c-590d-5720-e71ab36aca00', '814a1045-50c5-5c44-3ffa-5cf66cbbb277', 'absent', 'Band', '2026-05-02T19:00:00Z'),
  ('658561aa-51cf-5753-b864-06f2bc1f8777', '901d8b40-3193-5efc-df4e-90a8ea07e003', '814a1045-50c5-5c44-3ffa-5cf66cbbb277', 'absent', 'Band', '2026-05-07T19:00:00Z'),
  ('5443169f-641c-5a8e-c93e-95412823bbea', '91e8fef8-130a-53a2-78fc-936d59c86b9e', '814a1045-50c5-5c44-3ffa-5cf66cbbb277', 'present', NULL, '2026-05-09T19:00:00Z'),
  ('0707ae04-c999-5121-eeb1-c0dcbf42e115', 'b0d399e4-26eb-5aac-dd6f-a8c1a2584b9a', '814a1045-50c5-5c44-3ffa-5cf66cbbb277', 'present', NULL, '2026-05-14T19:00:00Z'),
  ('32614f0d-feac-5fa5-26cd-d656a18e7e36', '6fd80169-cbc8-5a71-4475-1b55e053f091', '814a1045-50c5-5c44-3ffa-5cf66cbbb277', 'present', NULL, '2026-05-16T19:00:00Z'),
  ('86cd8105-47f6-562e-bf53-4d72bf0578ca', 'd2b2874f-0cd2-57b6-1157-154faf3e6c6f', 'b0b16112-02f6-5c9a-b930-f286c0efc827', 'present', NULL, '2026-04-04T19:00:00Z'),
  ('82524b84-7924-553b-ff21-d0521a6dae5b', '4609ac37-c4e7-54c9-fd97-f5908d8f145e', 'b0b16112-02f6-5c9a-b930-f286c0efc827', 'present', NULL, '2026-04-09T19:00:00Z'),
  ('1f903669-4525-5cd8-36f0-c9b9d2471872', '3d28a3c1-0815-5f4c-731d-07e15d974b9d', 'b0b16112-02f6-5c9a-b930-f286c0efc827', 'present', NULL, '2026-04-11T19:00:00Z'),
  ('0f25ec4b-69e5-5c6b-034a-acbef212d94c', 'c605e5a2-c54b-5a9c-ce5c-c44aa1f2ea67', 'b0b16112-02f6-5c9a-b930-f286c0efc827', 'absent', 'Out of town', '2026-04-16T19:00:00Z'),
  ('02b58650-509e-54c5-6c6f-f26d2d18e321', 'bc02d468-115f-57e3-3817-e376179c5260', 'b0b16112-02f6-5c9a-b930-f286c0efc827', 'absent', 'Out of town', '2026-04-18T19:00:00Z'),
  ('ea190b3a-ba5f-5b2b-6916-7165c84b9c3e', '0687c750-ed60-559c-d61b-fd8f9294cd54', 'b0b16112-02f6-5c9a-b930-f286c0efc827', 'present', NULL, '2026-04-23T19:00:00Z'),
  ('2ca47d28-f7e9-57ea-6853-d02e41cfc2fd', 'a47bdf83-2657-50ae-de3f-79de008a5a36', 'b0b16112-02f6-5c9a-b930-f286c0efc827', 'present', NULL, '2026-04-25T19:00:00Z'),
  ('711a70a4-6632-505b-e032-01674753923c', '182f82f8-9752-5ac8-bfc4-b82d560907f5', 'b0b16112-02f6-5c9a-b930-f286c0efc827', 'present', NULL, '2026-04-30T19:00:00Z'),
  ('d8bd37f5-7565-5431-42b0-90d57c65dd77', '744c46ea-b21c-590d-5720-e71ab36aca00', 'b0b16112-02f6-5c9a-b930-f286c0efc827', 'present', NULL, '2026-05-02T19:00:00Z'),
  ('fe590f0c-323c-5fd6-21e9-b20256fc1e53', '901d8b40-3193-5efc-df4e-90a8ea07e003', 'b0b16112-02f6-5c9a-b930-f286c0efc827', 'present', NULL, '2026-05-07T19:00:00Z'),
  ('9a32fe80-f4fc-57f5-831e-59685236e1d5', '91e8fef8-130a-53a2-78fc-936d59c86b9e', 'b0b16112-02f6-5c9a-b930-f286c0efc827', 'present', NULL, '2026-05-09T19:00:00Z'),
  ('c6394687-2e46-5b45-cb55-8eb6ebd4e3dd', 'b0d399e4-26eb-5aac-dd6f-a8c1a2584b9a', 'b0b16112-02f6-5c9a-b930-f286c0efc827', 'present', NULL, '2026-05-14T19:00:00Z'),
  ('8c643643-f54c-5dbf-9989-378bb3496b92', '6fd80169-cbc8-5a71-4475-1b55e053f091', 'b0b16112-02f6-5c9a-b930-f286c0efc827', 'present', NULL, '2026-05-16T19:00:00Z'),
  ('bd9b6bf3-9a94-580a-b71c-3dc78473f35d', 'd2b2874f-0cd2-57b6-1157-154faf3e6c6f', '8094c6f9-d86d-5c5b-49a8-fd44dce52c7c', 'present', NULL, '2026-04-04T19:00:00Z'),
  ('47be07ef-63b5-5108-f9cf-35bf0d1167e2', '4609ac37-c4e7-54c9-fd97-f5908d8f145e', '8094c6f9-d86d-5c5b-49a8-fd44dce52c7c', 'present', NULL, '2026-04-09T19:00:00Z'),
  ('f744115f-95c4-5ce4-f52a-9ed101a48a25', '3d28a3c1-0815-5f4c-731d-07e15d974b9d', '8094c6f9-d86d-5c5b-49a8-fd44dce52c7c', 'present', NULL, '2026-04-11T19:00:00Z'),
  ('6507a239-8f07-53f5-32b4-664684606c35', 'c605e5a2-c54b-5a9c-ce5c-c44aa1f2ea67', '8094c6f9-d86d-5c5b-49a8-fd44dce52c7c', 'absent', 'Out of town', '2026-04-16T19:00:00Z'),
  ('bc7dc4bd-a98c-59fa-2527-f7616c58a362', 'bc02d468-115f-57e3-3817-e376179c5260', '8094c6f9-d86d-5c5b-49a8-fd44dce52c7c', 'absent', 'Out of town', '2026-04-18T19:00:00Z'),
  ('e3bf0f9c-e1c6-511b-9c8c-952d204262b8', '0687c750-ed60-559c-d61b-fd8f9294cd54', '8094c6f9-d86d-5c5b-49a8-fd44dce52c7c', 'present', NULL, '2026-04-23T19:00:00Z'),
  ('6f09ecf0-bf35-5c45-3724-7d15b062b248', 'a47bdf83-2657-50ae-de3f-79de008a5a36', '8094c6f9-d86d-5c5b-49a8-fd44dce52c7c', 'present', NULL, '2026-04-25T19:00:00Z'),
  ('37d74bb7-78da-5cec-a732-6d8a46c5b3d2', '182f82f8-9752-5ac8-bfc4-b82d560907f5', '8094c6f9-d86d-5c5b-49a8-fd44dce52c7c', 'present', NULL, '2026-04-30T19:00:00Z'),
  ('298d8ff5-2054-5ef7-62ac-684e2134bdfe', '744c46ea-b21c-590d-5720-e71ab36aca00', '8094c6f9-d86d-5c5b-49a8-fd44dce52c7c', 'present', NULL, '2026-05-02T19:00:00Z'),
  ('7c526623-2c57-5335-573e-843cae1ae268', '901d8b40-3193-5efc-df4e-90a8ea07e003', '8094c6f9-d86d-5c5b-49a8-fd44dce52c7c', 'absent', 'Band', '2026-05-07T19:00:00Z'),
  ('6022d7a3-aa94-558c-a47c-02b9823188cd', '91e8fef8-130a-53a2-78fc-936d59c86b9e', '8094c6f9-d86d-5c5b-49a8-fd44dce52c7c', 'present', NULL, '2026-05-09T19:00:00Z'),
  ('019de9b2-5123-5021-7b78-6491f165a7d0', 'b0d399e4-26eb-5aac-dd6f-a8c1a2584b9a', '8094c6f9-d86d-5c5b-49a8-fd44dce52c7c', 'present', NULL, '2026-05-14T19:00:00Z'),
  ('cb0d3cec-76a3-5fdf-af2f-54ae732f9ff0', '6fd80169-cbc8-5a71-4475-1b55e053f091', '8094c6f9-d86d-5c5b-49a8-fd44dce52c7c', 'present', NULL, '2026-05-16T19:00:00Z'),
  ('3cbe921b-0d67-5a24-cd76-bf8bd573fa34', 'd2b2874f-0cd2-57b6-1157-154faf3e6c6f', 'c425df91-9c3c-5d52-7f66-fcb9f4f6c9d1', 'present', NULL, '2026-04-04T19:00:00Z'),
  ('7817bcab-54b8-5c55-cd22-49927796b57b', '4609ac37-c4e7-54c9-fd97-f5908d8f145e', 'c425df91-9c3c-5d52-7f66-fcb9f4f6c9d1', 'present', NULL, '2026-04-09T19:00:00Z'),
  ('fef019e1-451b-545c-8d37-980cdea7db1b', '3d28a3c1-0815-5f4c-731d-07e15d974b9d', 'c425df91-9c3c-5d52-7f66-fcb9f4f6c9d1', 'present', NULL, '2026-04-11T19:00:00Z'),
  ('0024f414-00fe-523d-fb7a-73bc45d0edee', 'c605e5a2-c54b-5a9c-ce5c-c44aa1f2ea67', 'c425df91-9c3c-5d52-7f66-fcb9f4f6c9d1', 'present', NULL, '2026-04-16T19:00:00Z'),
  ('ee2fb5e4-e444-53f6-f246-6b21dcd113bb', 'bc02d468-115f-57e3-3817-e376179c5260', 'c425df91-9c3c-5d52-7f66-fcb9f4f6c9d1', 'present', NULL, '2026-04-18T19:00:00Z'),
  ('69102b1e-c010-5ea3-1abd-30cce2408a4d', '0687c750-ed60-559c-d61b-fd8f9294cd54', 'c425df91-9c3c-5d52-7f66-fcb9f4f6c9d1', 'present', NULL, '2026-04-23T19:00:00Z'),
  ('3c68744b-b9db-532e-d829-444d05f816bc', 'a47bdf83-2657-50ae-de3f-79de008a5a36', 'c425df91-9c3c-5d52-7f66-fcb9f4f6c9d1', 'present', NULL, '2026-04-25T19:00:00Z'),
  ('e9cc3807-6b67-5144-88a4-0d1657e57568', '182f82f8-9752-5ac8-bfc4-b82d560907f5', 'c425df91-9c3c-5d52-7f66-fcb9f4f6c9d1', 'present', NULL, '2026-04-30T19:00:00Z'),
  ('11a21e18-4c26-5473-74e3-779e2adc7843', '744c46ea-b21c-590d-5720-e71ab36aca00', 'c425df91-9c3c-5d52-7f66-fcb9f4f6c9d1', 'present', NULL, '2026-05-02T19:00:00Z'),
  ('c8e86022-1788-5283-abfd-221af60adfac', '901d8b40-3193-5efc-df4e-90a8ea07e003', 'c425df91-9c3c-5d52-7f66-fcb9f4f6c9d1', 'present', NULL, '2026-05-07T19:00:00Z'),
  ('b9c9ce36-55d9-5815-082d-158257068721', '91e8fef8-130a-53a2-78fc-936d59c86b9e', 'c425df91-9c3c-5d52-7f66-fcb9f4f6c9d1', 'present', NULL, '2026-05-09T19:00:00Z'),
  ('d5c3e47c-f294-5cb5-1019-4ba7f9b045de', 'b0d399e4-26eb-5aac-dd6f-a8c1a2584b9a', 'c425df91-9c3c-5d52-7f66-fcb9f4f6c9d1', 'absent', 'Sick', '2026-05-14T19:00:00Z'),
  ('917c9146-6d23-57a0-d912-e9a9612ab933', '6fd80169-cbc8-5a71-4475-1b55e053f091', 'c425df91-9c3c-5d52-7f66-fcb9f4f6c9d1', 'present', NULL, '2026-05-16T19:00:00Z'),
  ('80d88c14-2932-5421-092e-a3965becb6fa', 'd2b2874f-0cd2-57b6-1157-154faf3e6c6f', 'e6cb1467-d2fc-5935-1663-09853bbc925a', 'present', NULL, '2026-04-04T19:00:00Z'),
  ('6f8a95ef-b50b-52aa-01d4-e8eaf59325f9', '4609ac37-c4e7-54c9-fd97-f5908d8f145e', 'e6cb1467-d2fc-5935-1663-09853bbc925a', 'present', NULL, '2026-04-09T19:00:00Z'),
  ('3a1762d9-28c7-5bc3-c98b-7d0dfa503904', '3d28a3c1-0815-5f4c-731d-07e15d974b9d', 'e6cb1467-d2fc-5935-1663-09853bbc925a', 'absent', 'Excused', '2026-04-11T19:00:00Z'),
  ('4216548f-fb25-5f2f-a074-bf519fdb32a4', 'c605e5a2-c54b-5a9c-ce5c-c44aa1f2ea67', 'e6cb1467-d2fc-5935-1663-09853bbc925a', 'absent', 'Out of town', '2026-04-16T19:00:00Z'),
  ('963791c1-531d-5dfc-ecab-7b8779931bfb', 'bc02d468-115f-57e3-3817-e376179c5260', 'e6cb1467-d2fc-5935-1663-09853bbc925a', 'present', NULL, '2026-04-18T19:00:00Z'),
  ('ec9d6f79-7ff0-5d09-30a8-ef34028fab6b', '0687c750-ed60-559c-d61b-fd8f9294cd54', 'e6cb1467-d2fc-5935-1663-09853bbc925a', 'present', NULL, '2026-04-23T19:00:00Z'),
  ('d7ed5aa1-abc5-5267-bea8-c2100cde27ec', 'a47bdf83-2657-50ae-de3f-79de008a5a36', 'e6cb1467-d2fc-5935-1663-09853bbc925a', 'present', NULL, '2026-04-25T19:00:00Z'),
  ('92383ff1-bf23-50fe-d318-0c42fd9bc768', '182f82f8-9752-5ac8-bfc4-b82d560907f5', 'e6cb1467-d2fc-5935-1663-09853bbc925a', 'present', NULL, '2026-04-30T19:00:00Z'),
  ('ed9e1200-c932-582a-1cd9-099f233958fe', '744c46ea-b21c-590d-5720-e71ab36aca00', 'e6cb1467-d2fc-5935-1663-09853bbc925a', 'absent', 'Band', '2026-05-02T19:00:00Z'),
  ('63a33f41-53e0-50f4-e760-f7e0dea284ae', '901d8b40-3193-5efc-df4e-90a8ea07e003', 'e6cb1467-d2fc-5935-1663-09853bbc925a', 'absent', 'Sick', '2026-05-07T19:00:00Z'),
  ('5c9cd3bb-368a-5685-34f7-e2c764b66c5f', '91e8fef8-130a-53a2-78fc-936d59c86b9e', 'e6cb1467-d2fc-5935-1663-09853bbc925a', 'absent', 'Sick', '2026-05-09T19:00:00Z'),
  ('ad603551-5e5a-561b-dbe4-a5a27047b1e9', 'b0d399e4-26eb-5aac-dd6f-a8c1a2584b9a', 'e6cb1467-d2fc-5935-1663-09853bbc925a', 'present', NULL, '2026-05-14T19:00:00Z'),
  ('3a39c8ef-ad3c-5de2-84f8-dfe6c5365a23', '6fd80169-cbc8-5a71-4475-1b55e053f091', 'e6cb1467-d2fc-5935-1663-09853bbc925a', 'present', NULL, '2026-05-16T19:00:00Z'),
  ('a35d2be7-1530-5dbb-7add-9a13e000da41', 'd2b2874f-0cd2-57b6-1157-154faf3e6c6f', '6a507682-8415-5846-8ca1-2bec5b0203d7', 'present', NULL, '2026-04-04T19:00:00Z'),
  ('cea3f636-08a0-5234-cfbf-e8dffb806e14', '4609ac37-c4e7-54c9-fd97-f5908d8f145e', '6a507682-8415-5846-8ca1-2bec5b0203d7', 'present', NULL, '2026-04-09T19:00:00Z'),
  ('ed1d6f9f-a56a-594a-085d-371def5399ad', '3d28a3c1-0815-5f4c-731d-07e15d974b9d', '6a507682-8415-5846-8ca1-2bec5b0203d7', 'late', NULL, '2026-04-11T19:00:00Z'),
  ('07a3e271-0c2b-54e6-3db4-443a36fb7e46', 'c605e5a2-c54b-5a9c-ce5c-c44aa1f2ea67', '6a507682-8415-5846-8ca1-2bec5b0203d7', 'present', NULL, '2026-04-16T19:00:00Z'),
  ('aa557770-adcc-5f66-77a3-ffd845325423', 'bc02d468-115f-57e3-3817-e376179c5260', '6a507682-8415-5846-8ca1-2bec5b0203d7', 'absent', 'Band', '2026-04-18T19:00:00Z'),
  ('bb34d58b-a8ef-55e9-3f2c-eba71abe026b', '0687c750-ed60-559c-d61b-fd8f9294cd54', '6a507682-8415-5846-8ca1-2bec5b0203d7', 'present', NULL, '2026-04-23T19:00:00Z'),
  ('3dcdbfd4-f5fe-567c-ab1d-a775f760ca57', 'a47bdf83-2657-50ae-de3f-79de008a5a36', '6a507682-8415-5846-8ca1-2bec5b0203d7', 'present', NULL, '2026-04-25T19:00:00Z'),
  ('f93e819f-c8c5-5afb-5827-0cdfd656d333', 'd2b2874f-0cd2-57b6-1157-154faf3e6c6f', '222ba6ce-9ca0-568e-72ef-d15b98be6a25', 'present', NULL, '2026-04-04T19:00:00Z'),
  ('86156a99-2d56-531f-4479-6b597f32425c', '4609ac37-c4e7-54c9-fd97-f5908d8f145e', '222ba6ce-9ca0-568e-72ef-d15b98be6a25', 'present', NULL, '2026-04-09T19:00:00Z'),
  ('7c86fd90-d7cb-5cd4-27ed-4164bf156c5e', '3d28a3c1-0815-5f4c-731d-07e15d974b9d', '222ba6ce-9ca0-568e-72ef-d15b98be6a25', 'present', NULL, '2026-04-11T19:00:00Z'),
  ('7d5355f1-bbe9-5a1f-be3f-438406cc2cf4', 'c605e5a2-c54b-5a9c-ce5c-c44aa1f2ea67', '222ba6ce-9ca0-568e-72ef-d15b98be6a25', 'present', NULL, '2026-04-16T19:00:00Z'),
  ('c357a24e-8f85-5ed7-8226-ca6e8cc990e3', 'bc02d468-115f-57e3-3817-e376179c5260', '222ba6ce-9ca0-568e-72ef-d15b98be6a25', 'present', NULL, '2026-04-18T19:00:00Z'),
  ('3fdd1526-965c-5f90-0e02-62005bbac877', '0687c750-ed60-559c-d61b-fd8f9294cd54', '222ba6ce-9ca0-568e-72ef-d15b98be6a25', 'present', NULL, '2026-04-23T19:00:00Z'),
  ('432a5daa-256f-5489-b436-4a912f424ea3', 'a47bdf83-2657-50ae-de3f-79de008a5a36', '222ba6ce-9ca0-568e-72ef-d15b98be6a25', 'present', NULL, '2026-04-25T19:00:00Z'),
  ('6a6f346c-75e8-5e97-819a-7c67cfd87ffa', '182f82f8-9752-5ac8-bfc4-b82d560907f5', '222ba6ce-9ca0-568e-72ef-d15b98be6a25', 'present', NULL, '2026-04-30T19:00:00Z'),
  ('b8e64189-83a7-515a-c480-71bf78f6d29c', '744c46ea-b21c-590d-5720-e71ab36aca00', '222ba6ce-9ca0-568e-72ef-d15b98be6a25', 'present', NULL, '2026-05-02T19:00:00Z'),
  ('75b11456-9a0e-503f-0493-8e046198873c', '901d8b40-3193-5efc-df4e-90a8ea07e003', '222ba6ce-9ca0-568e-72ef-d15b98be6a25', 'present', NULL, '2026-05-07T19:00:00Z'),
  ('02cbd482-4b0a-5546-8c5a-328a287a7131', '91e8fef8-130a-53a2-78fc-936d59c86b9e', '222ba6ce-9ca0-568e-72ef-d15b98be6a25', 'present', NULL, '2026-05-09T19:00:00Z'),
  ('3a32683e-881c-5079-53e2-02e181de62cb', 'b0d399e4-26eb-5aac-dd6f-a8c1a2584b9a', '222ba6ce-9ca0-568e-72ef-d15b98be6a25', 'late', NULL, '2026-05-14T19:00:00Z'),
  ('3333d58d-76ee-59ab-422f-d8828fd82b98', '6fd80169-cbc8-5a71-4475-1b55e053f091', '222ba6ce-9ca0-568e-72ef-d15b98be6a25', 'present', NULL, '2026-05-16T19:00:00Z'),
  ('c97d2ab2-bb17-501c-ad18-fec8367cb2a0', 'd2b2874f-0cd2-57b6-1157-154faf3e6c6f', 'c591c0a6-0c1b-5020-a060-1bddf4d31797', 'present', NULL, '2026-04-04T19:00:00Z'),
  ('b2a47fec-7621-5724-4d9b-0b5c0b5e384c', '4609ac37-c4e7-54c9-fd97-f5908d8f145e', 'c591c0a6-0c1b-5020-a060-1bddf4d31797', 'present', NULL, '2026-04-09T19:00:00Z'),
  ('abc5866b-c886-5fb4-15bc-03f1ffd2b19c', '3d28a3c1-0815-5f4c-731d-07e15d974b9d', 'c591c0a6-0c1b-5020-a060-1bddf4d31797', 'present', NULL, '2026-04-11T19:00:00Z'),
  ('ed95364f-b91d-570c-583d-0915f79771ef', 'c605e5a2-c54b-5a9c-ce5c-c44aa1f2ea67', 'c591c0a6-0c1b-5020-a060-1bddf4d31797', 'present', NULL, '2026-04-16T19:00:00Z'),
  ('b27c9649-57dd-5e39-d70c-a1dea914e22a', 'bc02d468-115f-57e3-3817-e376179c5260', 'c591c0a6-0c1b-5020-a060-1bddf4d31797', 'present', NULL, '2026-04-18T19:00:00Z'),
  ('6282bff2-2e5d-5cf6-7588-6e2b6c7baecb', '0687c750-ed60-559c-d61b-fd8f9294cd54', 'c591c0a6-0c1b-5020-a060-1bddf4d31797', 'present', NULL, '2026-04-23T19:00:00Z'),
  ('132187f0-1ff7-5408-6028-ae6dea542af7', 'a47bdf83-2657-50ae-de3f-79de008a5a36', 'c591c0a6-0c1b-5020-a060-1bddf4d31797', 'present', NULL, '2026-04-25T19:00:00Z'),
  ('f00e463a-b9b2-5451-d6e0-e592b3d4f349', '182f82f8-9752-5ac8-bfc4-b82d560907f5', 'c591c0a6-0c1b-5020-a060-1bddf4d31797', 'present', NULL, '2026-04-30T19:00:00Z'),
  ('d9931421-1443-5170-6569-625ebb9e823d', '744c46ea-b21c-590d-5720-e71ab36aca00', 'c591c0a6-0c1b-5020-a060-1bddf4d31797', 'present', NULL, '2026-05-02T19:00:00Z'),
  ('8a4bbb7f-acef-5941-83d7-a1d532c1464a', '901d8b40-3193-5efc-df4e-90a8ea07e003', 'c591c0a6-0c1b-5020-a060-1bddf4d31797', 'present', NULL, '2026-05-07T19:00:00Z'),
  ('e579d4cc-d0ac-5885-241a-0b0744afa567', '91e8fef8-130a-53a2-78fc-936d59c86b9e', 'c591c0a6-0c1b-5020-a060-1bddf4d31797', 'present', NULL, '2026-05-09T19:00:00Z'),
  ('0f0e68d2-95e2-5163-29f9-ac5de1338b7b', 'b0d399e4-26eb-5aac-dd6f-a8c1a2584b9a', 'c591c0a6-0c1b-5020-a060-1bddf4d31797', 'present', NULL, '2026-05-14T19:00:00Z'),
  ('d2db3666-a378-5463-5f5d-ac982a8a4b54', '6fd80169-cbc8-5a71-4475-1b55e053f091', 'c591c0a6-0c1b-5020-a060-1bddf4d31797', 'present', NULL, '2026-05-16T19:00:00Z'),
  ('552a6421-42c1-57e9-392c-40217bdf51ed', 'd2b2874f-0cd2-57b6-1157-154faf3e6c6f', 'f6b38c99-d308-50ad-4f23-e69a9f6e4e57', 'present', NULL, '2026-04-04T19:00:00Z'),
  ('05344fab-464f-55e2-edc2-2d4f9c60b8d2', '4609ac37-c4e7-54c9-fd97-f5908d8f145e', 'f6b38c99-d308-50ad-4f23-e69a9f6e4e57', 'absent', 'Emergency', '2026-04-09T19:00:00Z'),
  ('913efa0a-ac68-5509-98a5-bbc823941644', '3d28a3c1-0815-5f4c-731d-07e15d974b9d', 'f6b38c99-d308-50ad-4f23-e69a9f6e4e57', 'absent', 'Band', '2026-04-11T19:00:00Z'),
  ('4e717846-774b-5b02-7f77-4e42405da1a3', 'c605e5a2-c54b-5a9c-ce5c-c44aa1f2ea67', 'f6b38c99-d308-50ad-4f23-e69a9f6e4e57', 'absent', 'Band', '2026-04-16T19:00:00Z'),
  ('5c0c4d18-08b9-530b-8d30-9bcfd400e0ba', 'bc02d468-115f-57e3-3817-e376179c5260', 'f6b38c99-d308-50ad-4f23-e69a9f6e4e57', 'absent', 'Band', '2026-04-18T19:00:00Z'),
  ('b73c38de-667c-5a64-aebd-cbc01f7a356d', '0687c750-ed60-559c-d61b-fd8f9294cd54', 'f6b38c99-d308-50ad-4f23-e69a9f6e4e57', 'late', NULL, '2026-04-23T19:00:00Z'),
  ('53b9d041-1e21-58ff-2d71-31a829bc884a', 'a47bdf83-2657-50ae-de3f-79de008a5a36', 'f6b38c99-d308-50ad-4f23-e69a9f6e4e57', 'absent', NULL, '2026-04-25T19:00:00Z'),
  ('fd620c1d-9337-5da7-e8ae-df0dab71cd10', '182f82f8-9752-5ac8-bfc4-b82d560907f5', 'f6b38c99-d308-50ad-4f23-e69a9f6e4e57', 'absent', 'Band', '2026-04-30T19:00:00Z'),
  ('8078f7a8-15ad-5797-93ea-527f675c34ea', '744c46ea-b21c-590d-5720-e71ab36aca00', 'f6b38c99-d308-50ad-4f23-e69a9f6e4e57', 'present', NULL, '2026-05-02T19:00:00Z'),
  ('6f01b617-5773-5b63-c65e-6f379f4d0c73', '901d8b40-3193-5efc-df4e-90a8ea07e003', 'f6b38c99-d308-50ad-4f23-e69a9f6e4e57', 'absent', NULL, '2026-05-07T19:00:00Z'),
  ('ebff61cd-da08-5a19-2e03-a40c3e94bee7', '91e8fef8-130a-53a2-78fc-936d59c86b9e', 'f6b38c99-d308-50ad-4f23-e69a9f6e4e57', 'absent', 'Band', '2026-05-09T19:00:00Z'),
  ('a489fd53-c41f-567d-cf32-ff97d6456d6f', 'b0d399e4-26eb-5aac-dd6f-a8c1a2584b9a', 'f6b38c99-d308-50ad-4f23-e69a9f6e4e57', 'present', NULL, '2026-05-14T19:00:00Z'),
  ('07f46781-4397-582b-1eb3-4bfa59f28e56', '6fd80169-cbc8-5a71-4475-1b55e053f091', 'f6b38c99-d308-50ad-4f23-e69a9f6e4e57', 'absent', NULL, '2026-05-16T19:00:00Z'),
  ('aa727d93-e844-58a8-5e36-c3b3b6bcf5d7', 'd2b2874f-0cd2-57b6-1157-154faf3e6c6f', 'ef01965f-5805-5436-6e16-978f9b20383b', 'present', NULL, '2026-04-04T19:00:00Z'),
  ('f0ef04af-b946-54e6-94a7-c54e9f4e2880', '4609ac37-c4e7-54c9-fd97-f5908d8f145e', 'ef01965f-5805-5436-6e16-978f9b20383b', 'present', NULL, '2026-04-09T19:00:00Z'),
  ('7bc5a170-7ab6-51bc-1548-e2533c160519', '3d28a3c1-0815-5f4c-731d-07e15d974b9d', 'ef01965f-5805-5436-6e16-978f9b20383b', 'late', 'Needed to eat', '2026-04-11T19:00:00Z'),
  ('bf069b27-27a8-5b5a-acfb-dda724ed6969', 'c605e5a2-c54b-5a9c-ce5c-c44aa1f2ea67', 'ef01965f-5805-5436-6e16-978f9b20383b', 'present', NULL, '2026-04-16T19:00:00Z'),
  ('1ee06983-ae09-504a-9eb0-a22c77acbf22', 'bc02d468-115f-57e3-3817-e376179c5260', 'ef01965f-5805-5436-6e16-978f9b20383b', 'late', 'Drove Lucy', '2026-04-18T19:00:00Z'),
  ('58e10d76-a094-5f7e-6461-d79db42ebf4f', '0687c750-ed60-559c-d61b-fd8f9294cd54', 'ef01965f-5805-5436-6e16-978f9b20383b', 'late', 'Band', '2026-04-23T19:00:00Z'),
  ('2163245c-314d-5e8b-e48e-50b81422e161', 'a47bdf83-2657-50ae-de3f-79de008a5a36', 'ef01965f-5805-5436-6e16-978f9b20383b', 'present', NULL, '2026-04-25T19:00:00Z'),
  ('75148e95-2acd-588f-8797-3a43fe1dae54', '182f82f8-9752-5ac8-bfc4-b82d560907f5', 'ef01965f-5805-5436-6e16-978f9b20383b', 'absent', 'Band', '2026-04-30T19:00:00Z'),
  ('70103097-306f-5d53-db7d-83d859f60d90', '744c46ea-b21c-590d-5720-e71ab36aca00', 'ef01965f-5805-5436-6e16-978f9b20383b', 'absent', NULL, '2026-05-02T19:00:00Z'),
  ('de48bc6d-cbea-50e6-8211-707edb10809b', '901d8b40-3193-5efc-df4e-90a8ea07e003', 'ef01965f-5805-5436-6e16-978f9b20383b', 'late', 'Band', '2026-05-07T19:00:00Z'),
  ('7db91c94-9cc1-55fc-4b8f-0f08354e1071', '91e8fef8-130a-53a2-78fc-936d59c86b9e', 'ef01965f-5805-5436-6e16-978f9b20383b', 'absent', 'Band', '2026-05-09T19:00:00Z'),
  ('03281716-2bb4-5cb9-fece-1d2c24c8eb6a', 'b0d399e4-26eb-5aac-dd6f-a8c1a2584b9a', 'ef01965f-5805-5436-6e16-978f9b20383b', 'present', NULL, '2026-05-14T19:00:00Z'),
  ('b9bd7648-d87c-5a23-80df-0b966e3a3bf1', '6fd80169-cbc8-5a71-4475-1b55e053f091', 'ef01965f-5805-5436-6e16-978f9b20383b', 'present', NULL, '2026-05-16T19:00:00Z'),
  ('86a6825b-c4ff-503f-1706-7148c4bc00df', 'd2b2874f-0cd2-57b6-1157-154faf3e6c6f', '11a0a9bd-7f69-5332-b82b-f012b2614184', 'present', NULL, '2026-04-04T19:00:00Z'),
  ('59e8687a-9ef1-5d74-866f-e83975cac2ad', '4609ac37-c4e7-54c9-fd97-f5908d8f145e', '11a0a9bd-7f69-5332-b82b-f012b2614184', 'present', NULL, '2026-04-09T19:00:00Z'),
  ('b8072c78-738f-5e74-0c0c-a498e55d4b14', '3d28a3c1-0815-5f4c-731d-07e15d974b9d', '11a0a9bd-7f69-5332-b82b-f012b2614184', 'present', NULL, '2026-04-11T19:00:00Z'),
  ('2f94ffa5-462a-559b-7433-9752f02fb6b9', 'c605e5a2-c54b-5a9c-ce5c-c44aa1f2ea67', '11a0a9bd-7f69-5332-b82b-f012b2614184', 'absent', 'Injury', '2026-04-16T19:00:00Z'),
  ('3cffb581-c344-5f66-f7da-f133f0257d16', 'bc02d468-115f-57e3-3817-e376179c5260', '11a0a9bd-7f69-5332-b82b-f012b2614184', 'absent', 'Injury', '2026-04-18T19:00:00Z'),
  ('94a0039a-37c1-528f-644d-b4fb6997ec41', '0687c750-ed60-559c-d61b-fd8f9294cd54', '11a0a9bd-7f69-5332-b82b-f012b2614184', 'present', NULL, '2026-04-23T19:00:00Z'),
  ('3110d0cd-485e-5bcb-3819-38e481195023', 'a47bdf83-2657-50ae-de3f-79de008a5a36', '11a0a9bd-7f69-5332-b82b-f012b2614184', 'present', NULL, '2026-04-25T19:00:00Z'),
  ('364dbba8-0961-55ee-8d6a-67d0eb623d9b', '182f82f8-9752-5ac8-bfc4-b82d560907f5', '11a0a9bd-7f69-5332-b82b-f012b2614184', 'present', NULL, '2026-04-30T19:00:00Z'),
  ('90c16178-37a0-5105-6e2d-80eddcf5079e', '744c46ea-b21c-590d-5720-e71ab36aca00', '11a0a9bd-7f69-5332-b82b-f012b2614184', 'absent', 'Injury', '2026-05-02T19:00:00Z'),
  ('24c127ab-e6da-5d3a-8d99-e36b6c526a52', '901d8b40-3193-5efc-df4e-90a8ea07e003', '11a0a9bd-7f69-5332-b82b-f012b2614184', 'absent', 'Injury', '2026-05-07T19:00:00Z'),
  ('af8ee8cb-72be-532d-9dc3-7f28bd48f456', '91e8fef8-130a-53a2-78fc-936d59c86b9e', '11a0a9bd-7f69-5332-b82b-f012b2614184', 'absent', 'Injury', '2026-05-09T19:00:00Z'),
  ('1b9e0241-45cd-5c7b-a134-18645b942da1', 'b0d399e4-26eb-5aac-dd6f-a8c1a2584b9a', '11a0a9bd-7f69-5332-b82b-f012b2614184', 'absent', 'Injury', '2026-05-14T19:00:00Z'),
  ('e7433662-c622-548d-afe5-11c6dc3059bf', '6fd80169-cbc8-5a71-4475-1b55e053f091', '11a0a9bd-7f69-5332-b82b-f012b2614184', 'absent', 'Injury', '2026-05-16T19:00:00Z'),
  ('aee4bc75-43b2-5945-a18d-87b421342623', 'd2b2874f-0cd2-57b6-1157-154faf3e6c6f', 'dd6b58e6-7868-5507-bc9d-bb725adc9609', 'present', NULL, '2026-04-04T19:00:00Z'),
  ('39fdf410-edea-5ba6-ab0a-5a707efd55e6', '4609ac37-c4e7-54c9-fd97-f5908d8f145e', 'dd6b58e6-7868-5507-bc9d-bb725adc9609', 'present', NULL, '2026-04-09T19:00:00Z'),
  ('8413b71d-cf29-57e5-3ea5-58230858aeac', '3d28a3c1-0815-5f4c-731d-07e15d974b9d', 'dd6b58e6-7868-5507-bc9d-bb725adc9609', 'absent', 'Band', '2026-04-11T19:00:00Z'),
  ('e13bac55-0bf7-5cb1-6ec1-d2f6e59c36e7', 'c605e5a2-c54b-5a9c-ce5c-c44aa1f2ea67', 'dd6b58e6-7868-5507-bc9d-bb725adc9609', 'present', NULL, '2026-04-16T19:00:00Z'),
  ('83d235d1-6566-59c9-3d4d-846bbb971f4f', 'bc02d468-115f-57e3-3817-e376179c5260', 'dd6b58e6-7868-5507-bc9d-bb725adc9609', 'present', NULL, '2026-04-18T19:00:00Z'),
  ('54a7e055-65b4-53ed-5c3a-bb7b12e59e6a', '0687c750-ed60-559c-d61b-fd8f9294cd54', 'dd6b58e6-7868-5507-bc9d-bb725adc9609', 'present', NULL, '2026-04-23T19:00:00Z'),
  ('53224b88-ac6a-564c-ff0f-12d89792258a', 'a47bdf83-2657-50ae-de3f-79de008a5a36', 'dd6b58e6-7868-5507-bc9d-bb725adc9609', 'present', NULL, '2026-04-25T19:00:00Z'),
  ('dded83af-a641-5b8c-7dcd-db08a6cb862e', '182f82f8-9752-5ac8-bfc4-b82d560907f5', 'dd6b58e6-7868-5507-bc9d-bb725adc9609', 'present', NULL, '2026-04-30T19:00:00Z'),
  ('7e9cd8ec-92e0-55f4-32b8-bedbdb9c4f84', '744c46ea-b21c-590d-5720-e71ab36aca00', 'dd6b58e6-7868-5507-bc9d-bb725adc9609', 'present', NULL, '2026-05-02T19:00:00Z'),
  ('8a522df1-4977-54c5-2eb1-8727ce452836', '901d8b40-3193-5efc-df4e-90a8ea07e003', 'dd6b58e6-7868-5507-bc9d-bb725adc9609', 'present', NULL, '2026-05-07T19:00:00Z'),
  ('9c55df8e-3a5e-5bb7-006e-b0d0c92385ab', '91e8fef8-130a-53a2-78fc-936d59c86b9e', 'dd6b58e6-7868-5507-bc9d-bb725adc9609', 'present', NULL, '2026-05-09T19:00:00Z'),
  ('9827f125-6d08-592c-80cd-77c4deb8bcf7', 'b0d399e4-26eb-5aac-dd6f-a8c1a2584b9a', 'dd6b58e6-7868-5507-bc9d-bb725adc9609', 'absent', 'Band', '2026-05-14T19:00:00Z'),
  ('16519592-9e59-51b8-819a-48cdcec2215a', '6fd80169-cbc8-5a71-4475-1b55e053f091', 'dd6b58e6-7868-5507-bc9d-bb725adc9609', 'absent', NULL, '2026-05-16T19:00:00Z'),
  ('a9e438ee-5563-5991-d22b-a86ab2c4b4bf', 'd2b2874f-0cd2-57b6-1157-154faf3e6c6f', 'e12f698d-18ee-5f92-0aa7-bae225480630', 'present', NULL, '2026-04-04T19:00:00Z'),
  ('6a319542-3c0a-55af-dee8-7dcd23027347', '4609ac37-c4e7-54c9-fd97-f5908d8f145e', 'e12f698d-18ee-5f92-0aa7-bae225480630', 'present', NULL, '2026-04-09T19:00:00Z'),
  ('600d99cf-8d60-564f-bc0f-d587ebce12dc', '3d28a3c1-0815-5f4c-731d-07e15d974b9d', 'e12f698d-18ee-5f92-0aa7-bae225480630', 'absent', 'Band', '2026-04-11T19:00:00Z'),
  ('fd33717c-e261-5091-2eb0-988e60273b42', 'c605e5a2-c54b-5a9c-ce5c-c44aa1f2ea67', 'e12f698d-18ee-5f92-0aa7-bae225480630', 'late', 'Band', '2026-04-16T19:00:00Z'),
  ('d3736031-5b9c-5cf1-3034-8d9fb7ae3bb5', 'bc02d468-115f-57e3-3817-e376179c5260', 'e12f698d-18ee-5f92-0aa7-bae225480630', 'present', NULL, '2026-04-18T19:00:00Z'),
  ('5817a00a-3ba9-5a73-9194-febeaa06fda6', '0687c750-ed60-559c-d61b-fd8f9294cd54', 'e12f698d-18ee-5f92-0aa7-bae225480630', 'present', NULL, '2026-04-23T19:00:00Z'),
  ('0ecf54ab-356a-5e0d-4a7a-1e1252eb97f4', 'a47bdf83-2657-50ae-de3f-79de008a5a36', 'e12f698d-18ee-5f92-0aa7-bae225480630', 'present', NULL, '2026-04-25T19:00:00Z'),
  ('6eba2ccd-06fa-5542-c6f9-7c042c5d3068', '182f82f8-9752-5ac8-bfc4-b82d560907f5', 'e12f698d-18ee-5f92-0aa7-bae225480630', 'present', NULL, '2026-04-30T19:00:00Z'),
  ('cb03a9b4-6459-56b1-0c25-29b0b57f2b32', '744c46ea-b21c-590d-5720-e71ab36aca00', 'e12f698d-18ee-5f92-0aa7-bae225480630', 'present', NULL, '2026-05-02T19:00:00Z'),
  ('c7415af1-5134-5214-c1cd-4fa7658ab814', '901d8b40-3193-5efc-df4e-90a8ea07e003', 'e12f698d-18ee-5f92-0aa7-bae225480630', 'absent', 'Band', '2026-05-07T19:00:00Z'),
  ('43f73be2-367e-5f1f-2942-d5cc834da0cb', '91e8fef8-130a-53a2-78fc-936d59c86b9e', 'e12f698d-18ee-5f92-0aa7-bae225480630', 'present', NULL, '2026-05-09T19:00:00Z'),
  ('ce39220d-7c38-56ad-0c76-36783f197547', 'b0d399e4-26eb-5aac-dd6f-a8c1a2584b9a', 'e12f698d-18ee-5f92-0aa7-bae225480630', 'present', NULL, '2026-05-14T19:00:00Z'),
  ('4ff83a3e-07e0-50d9-5821-ec844f384ce8', '6fd80169-cbc8-5a71-4475-1b55e053f091', 'e12f698d-18ee-5f92-0aa7-bae225480630', 'present', NULL, '2026-05-16T19:00:00Z')
on conflict (id) do nothing;
